Player,Team,Opponent,Position,Line,Proj Goals,Proj Assists,Proj SOG,Proj Blocks,DK Points
SEAN KURALY,,,F,NA,0.45,0.8,5.2,1.0,16.925
HAMPUS LINDHOLM,,,F,NA,0.45,0.8,5.2,1.0,16.925
ELIAS LINDHOLM,,,F,NA,0.45,0.8,5.2,1.0,16.925
NIKITA ZADOROV,,,F,NA,0.45,0.8,5.2,1.0,16.925
DAVID PASTRNAK,,,F,NA,0.45,0.8,5.2,1.0,16.925
VIKTOR ARVIDSSON,,,F,NA,0.45,0.8,5.2,1.0,16.925
PAVEL ZACHA,,,F,NA,0.45,0.8,5.2,1.0,16.925
CHARLIE MCAVOY,,,F,NA,0.45,0.8,5.2,1.0,16.925
ANDREW PEEKE,,,F,NA,0.45,0.8,5.2,1.0,16.925
MICHAEL EYSSIMONT,,,F,NA,0.45,0.8,5.2,1.0,16.925
TANNER JEANNOT,,,F,NA,0.45,0.8,5.2,1.0,16.925
JEFFREY VIEL,,,F,NA,0.45,0.8,5.2,1.0,16.925
MORGAN GEEKIE,,,F,NA,0.45,0.8,5.2,1.0,16.925
CASEY MITTELSTADT,,,F,NA,0.45,0.8,5.2,1.0,16.925
HENRI JOKIHARJU,,,F,NA,0.45,0.8,5.2,1.0,16.925
MARK KASTELIC,,,F,NA,0.45,0.8,5.2,1.0,16.925
MICHAEL CALLAHAN,,,F,NA,0.45,0.8,5.2,1.0,16.925
JORDAN HARRIS,,,F,NA,0.45,0.8,5.2,1.0,16.925
JONATHAN ASPIROT,,,F,NA,0.45,0.8,5.2,1.0,16.925
JOHN BEECHER,,,F,NA,0.45,0.8,5.2,1.0,16.925
MARAT KHUSNUTDINOV,,,F,NA,0.45,0.8,5.2,1.0,16.925
MASON LOHREI,,,F,NA,0.45,0.8,5.2,1.0,16.925
ALEX STEEVES,,,F,NA,0.45,0.8,5.2,1.0,16.925
FRASER MINTEN,,,F,NA,0.45,0.8,5.2,1.0,16.925
SEAN KURALY,,,F,NA,0.45,0.8,5.2,1.0,16.925
HAMPUS LINDHOLM,,,F,NA,0.45,0.8,5.2,1.0,16.925
ELIAS LINDHOLM,,,F,NA,0.45,0.8,5.2,1.0,16.925
NIKITA ZADOROV,,,F,NA,0.45,0.8,5.2,1.0,16.925
DAVID PASTRNAK,,,F,NA,0.45,0.8,5.2,1.0,16.925
VIKTOR ARVIDSSON,,,F,NA,0.45,0.8,5.2,1.0,16.925
PAVEL ZACHA,,,F,NA,0.45,0.8,5.2,1.0,16.925
CHARLIE MCAVOY,,,F,NA,0.45,0.8,5.2,1.0,16.925
ANDREW PEEKE,,,F,NA,0.45,0.8,5.2,1.0,16.925
MICHAEL EYSSIMONT,,,F,NA,0.45,0.8,5.2,1.0,16.925
TANNER JEANNOT,,,F,NA,0.45,0.8,5.2,1.0,16.925
JEFFREY VIEL,,,F,NA,0.45,0.8,5.2,1.0,16.925
MORGAN GEEKIE,,,F,NA,0.45,0.8,5.2,1.0,16.925
CASEY MITTELSTADT,,,F,NA,0.45,0.8,5.2,1.0,16.925
HENRI JOKIHARJU,,,F,NA,0.45,0.8,5.2,1.0,16.925
MARK KASTELIC,,,F,NA,0.45,0.8,5.2,1.0,16.925
MICHAEL CALLAHAN,,,F,NA,0.45,0.8,5.2,1.0,16.925
JORDAN HARRIS,,,F,NA,0.45,0.8,5.2,1.0,16.925
JONATHAN ASPIROT,,,F,NA,0.45,0.8,5.2,1.0,16.925
JOHN BEECHER,,,F,NA,0.45,0.8,5.2,1.0,16.925
MARAT KHUSNUTDINOV,,,F,NA,0.45,0.8,5.2,1.0,16.925
MASON LOHREI,,,F,NA,0.45,0.8,5.2,1.0,16.925
ALEX STEEVES,,,F,NA,0.45,0.8,5.2,1.0,16.925
FRASER MINTEN,,,F,NA,0.45,0.8,5.2,1.0,16.925
JORDAN STAAL,,,F,NA,0.45,0.8,5.2,1.0,16.925
TAYLOR HALL,,,F,NA,0.45,0.8,5.2,1.0,16.925
MIKE REILLY,,,F,NA,0.45,0.8,5.2,1.0,16.925
MARK JANKOWSKI,,,F,NA,0.45,0.8,5.2,1.0,16.925
SHAYNE GOSTISBEHERE,,,F,NA,0.45,0.8,5.2,1.0,16.925
JORDAN MARTINOOK,,,F,NA,0.45,0.8,5.2,1.0,16.925
JACCOB SLAVIN,,,F,NA,0.45,0.8,5.2,1.0,16.925
WILLIAM CARRIER,,,F,NA,0.45,0.8,5.2,1.0,16.925
NIKOLAJ EHLERS,,,F,NA,0.45,0.8,5.2,1.0,16.925
SEBASTIAN AHO,,,F,NA,0.45,0.8,5.2,1.0,16.925
JALEN CHATFIELD,,,F,NA,0.45,0.8,5.2,1.0,16.925
SEAN WALKER,,,F,NA,0.45,0.8,5.2,1.0,16.925
ERIC ROBINSON,,,F,NA,0.45,0.8,5.2,1.0,16.925
K'ANDRE MILLER,,,F,NA,0.45,0.8,5.2,1.0,16.925
JESPERI KOTKANIEMI,,,F,NA,0.45,0.8,5.2,1.0,16.925
ANDREI SVECHNIKOV,,,F,NA,0.45,0.8,5.2,1.0,16.925
DOMENICK FENSORE,,,F,NA,0.45,0.8,5.2,1.0,16.925
SETH JARVIS,,,F,NA,0.45,0.8,5.2,1.0,16.925
ALEXANDER NIKISHIN,,,F,NA,0.45,0.8,5.2,1.0,16.925
LOGAN STANKOVEN,,,F,NA,0.45,0.8,5.2,1.0,16.925
JACKSON BLAKE,,,F,NA,0.45,0.8,5.2,1.0,16.925
JOEL NYSTROM,,,F,NA,0.45,0.8,5.2,1.0,16.925
BRADLY NADEAU,,,F,NA,0.45,0.8,5.2,1.0,16.925
CHARLES ALEXIS LEGAULT,,,F,NA,0.45,0.8,5.2,1.0,16.925
JORDAN STAAL,,,F,NA,0.45,0.8,5.2,1.0,16.925
TAYLOR HALL,,,F,NA,0.45,0.8,5.2,1.0,16.925
MIKE REILLY,,,F,NA,0.45,0.8,5.2,1.0,16.925
MARK JANKOWSKI,,,F,NA,0.45,0.8,5.2,1.0,16.925
SHAYNE GOSTISBEHERE,,,F,NA,0.45,0.8,5.2,1.0,16.925
JORDAN MARTINOOK,,,F,NA,0.45,0.8,5.2,1.0,16.925
JACCOB SLAVIN,,,F,NA,0.45,0.8,5.2,1.0,16.925
WILLIAM CARRIER,,,F,NA,0.45,0.8,5.2,1.0,16.925
NIKOLAJ EHLERS,,,F,NA,0.45,0.8,5.2,1.0,16.925
SEBASTIAN AHO,,,F,NA,0.45,0.8,5.2,1.0,16.925
JALEN CHATFIELD,,,F,NA,0.45,0.8,5.2,1.0,16.925
SEAN WALKER,,,F,NA,0.45,0.8,5.2,1.0,16.925
ERIC ROBINSON,,,F,NA,0.45,0.8,5.2,1.0,16.925
K'ANDRE MILLER,,,F,NA,0.45,0.8,5.2,1.0,16.925
JESPERI KOTKANIEMI,,,F,NA,0.45,0.8,5.2,1.0,16.925
ANDREI SVECHNIKOV,,,F,NA,0.45,0.8,5.2,1.0,16.925
DOMENICK FENSORE,,,F,NA,0.45,0.8,5.2,1.0,16.925
SETH JARVIS,,,F,NA,0.45,0.8,5.2,1.0,16.925
ALEXANDER NIKISHIN,,,F,NA,0.45,0.8,5.2,1.0,16.925
LOGAN STANKOVEN,,,F,NA,0.45,0.8,5.2,1.0,16.925
JACKSON BLAKE,,,F,NA,0.45,0.8,5.2,1.0,16.925
JOEL NYSTROM,,,F,NA,0.45,0.8,5.2,1.0,16.925
BRADLY NADEAU,,,F,NA,0.45,0.8,5.2,1.0,16.925
CHARLES ALEXIS LEGAULT,,,F,NA,0.45,0.8,5.2,1.0,16.925
JASON ZUCKER,,,F,NA,0.45,0.8,5.2,1.0,16.925
MASON GEERTSEN,,,F,NA,0.45,0.8,5.2,1.0,16.925
ALEX TUCH,,,F,NA,0.45,0.8,5.2,1.0,16.925
JORDAN GREENWAY,,,F,NA,0.45,0.8,5.2,1.0,16.925
BECK MALENSTYN,,,F,NA,0.45,0.8,5.2,1.0,16.925
TAGE THOMPSON,,,F,NA,0.45,0.8,5.2,1.0,16.925
JUSTIN DANFORTH,,,F,NA,0.45,0.8,5.2,1.0,16.925
CONOR TIMMINS,,,F,NA,0.45,0.8,5.2,1.0,16.925
JOSH NORRIS,,,F,NA,0.45,0.8,5.2,1.0,16.925
JACOB BRYSON,,,F,NA,0.45,0.8,5.2,1.0,16.925
RYAN MCLEOD,,,F,NA,0.45,0.8,5.2,1.0,16.925
MATTIAS SAMUELSSON,,,F,NA,0.45,0.8,5.2,1.0,16.925
RASMUS DAHLIN,,,F,NA,0.45,0.8,5.2,1.0,16.925
MICHAEL KESSELRING,,,F,NA,0.45,0.8,5.2,1.0,16.925
PEYTON KREBS,,,F,NA,0.45,0.8,5.2,1.0,16.925
BOWEN BYRAM,,,F,NA,0.45,0.8,5.2,1.0,16.925
RYAN JOHNSON,,,F,NA,0.45,0.8,5.2,1.0,16.925
JACK QUINN,,,F,NA,0.45,0.8,5.2,1.0,16.925
JOSH DUNNE,,,F,NA,0.45,0.8,5.2,1.0,16.925
JOSH DOAN,,,F,NA,0.45,0.8,5.2,1.0,16.925
OWEN POWER,,,F,NA,0.45,0.8,5.2,1.0,16.925
ISAK ROSEN,,,F,NA,0.45,0.8,5.2,1.0,16.925
TYSON KOZAK,,,F,NA,0.45,0.8,5.2,1.0,16.925
JIRI KULICH,,,F,NA,0.45,0.8,5.2,1.0,16.925
NOAH OSTLUND,,,F,NA,0.45,0.8,5.2,1.0,16.925
ZACH BENSON,,,F,NA,0.45,0.8,5.2,1.0,16.925
ZACH METSA,,,F,NA,0.45,0.8,5.2,1.0,16.925
JASON ZUCKER,,,F,NA,0.45,0.8,5.2,1.0,16.925
MASON GEERTSEN,,,F,NA,0.45,0.8,5.2,1.0,16.925
ALEX TUCH,,,F,NA,0.45,0.8,5.2,1.0,16.925
JORDAN GREENWAY,,,F,NA,0.45,0.8,5.2,1.0,16.925
BECK MALENSTYN,,,F,NA,0.45,0.8,5.2,1.0,16.925
TAGE THOMPSON,,,F,NA,0.45,0.8,5.2,1.0,16.925
JUSTIN DANFORTH,,,F,NA,0.45,0.8,5.2,1.0,16.925
CONOR TIMMINS,,,F,NA,0.45,0.8,5.2,1.0,16.925
JOSH NORRIS,,,F,NA,0.45,0.8,5.2,1.0,16.925
JACOB BRYSON,,,F,NA,0.45,0.8,5.2,1.0,16.925
RYAN MCLEOD,,,F,NA,0.45,0.8,5.2,1.0,16.925
MATTIAS SAMUELSSON,,,F,NA,0.45,0.8,5.2,1.0,16.925
RASMUS DAHLIN,,,F,NA,0.45,0.8,5.2,1.0,16.925
MICHAEL KESSELRING,,,F,NA,0.45,0.8,5.2,1.0,16.925
PEYTON KREBS,,,F,NA,0.45,0.8,5.2,1.0,16.925
BOWEN BYRAM,,,F,NA,0.45,0.8,5.2,1.0,16.925
RYAN JOHNSON,,,F,NA,0.45,0.8,5.2,1.0,16.925
JACK QUINN,,,F,NA,0.45,0.8,5.2,1.0,16.925
JOSH DUNNE,,,F,NA,0.45,0.8,5.2,1.0,16.925
JOSH DOAN,,,F,NA,0.45,0.8,5.2,1.0,16.925
OWEN POWER,,,F,NA,0.45,0.8,5.2,1.0,16.925
ISAK ROSEN,,,F,NA,0.45,0.8,5.2,1.0,16.925
TYSON KOZAK,,,F,NA,0.45,0.8,5.2,1.0,16.925
JIRI KULICH,,,F,NA,0.45,0.8,5.2,1.0,16.925
NOAH OSTLUND,,,F,NA,0.45,0.8,5.2,1.0,16.925
ZACH BENSON,,,F,NA,0.45,0.8,5.2,1.0,16.925
ZACH METSA,,,F,NA,0.45,0.8,5.2,1.0,16.925
ADAM HENRIQUE,,,F,NA,0.45,0.8,5.2,1.0,16.925
MATTIAS EKHOLM,,,F,NA,0.45,0.8,5.2,1.0,16.925
ZACH HYMAN,,,F,NA,0.45,0.8,5.2,1.0,16.925
RYAN NUGENT-HOPKINS,,,F,NA,0.45,0.8,5.2,1.0,16.925
BRETT KULAK,,,F,NA,0.45,0.8,5.2,1.0,16.925
MATTIAS JANMARK,,,F,NA,0.45,0.8,5.2,1.0,16.925
DARNELL NURSE,,,F,NA,0.45,0.8,5.2,1.0,16.925
CURTIS LAZAR,,,F,NA,0.45,0.8,5.2,1.0,16.925
LEON DRAISAITL,,,F,NA,0.45,0.8,5.2,1.0,16.925
KASPERI KAPANEN,,,F,NA,0.45,0.8,5.2,1.0,16.925
JAKE WALMAN,,,F,NA,0.45,0.8,5.2,1.0,16.925
ANDREW MANGIAPANE,,,F,NA,0.45,0.8,5.2,1.0,16.925
CONNOR MCDAVID,,,F,NA,0.45,0.8,5.2,1.0,16.925
JACK ROSLOVIC,,,F,NA,0.45,0.8,5.2,1.0,16.925
TRENT FREDERIC,,,F,NA,0.45,0.8,5.2,1.0,16.925
TROY STECHER,,,F,NA,0.45,0.8,5.2,1.0,16.925
EVAN BOUCHARD,,,F,NA,0.45,0.8,5.2,1.0,16.925
ALEC REGULA,,,F,NA,0.45,0.8,5.2,1.0,16.925
TY EMBERSON,,,F,NA,0.45,0.8,5.2,1.0,16.925
NOAH PHILP,,,F,NA,0.45,0.8,5.2,1.0,16.925
VASILY PODKOLZIN,,,F,NA,0.45,0.8,5.2,1.0,16.925
ISAAC HOWARD,,,F,NA,0.45,0.8,5.2,1.0,16.925
MATT SAVOIE,,,F,NA,0.45,0.8,5.2,1.0,16.925
DAVID TOMASEK,,,F,NA,0.45,0.8,5.2,1.0,16.925
ADAM HENRIQUE,,,F,NA,0.45,0.8,5.2,1.0,16.925
MATTIAS EKHOLM,,,F,NA,0.45,0.8,5.2,1.0,16.925
ZACH HYMAN,,,F,NA,0.45,0.8,5.2,1.0,16.925
RYAN NUGENT-HOPKINS,,,F,NA,0.45,0.8,5.2,1.0,16.925
BRETT KULAK,,,F,NA,0.45,0.8,5.2,1.0,16.925
MATTIAS JANMARK,,,F,NA,0.45,0.8,5.2,1.0,16.925
DARNELL NURSE,,,F,NA,0.45,0.8,5.2,1.0,16.925
CURTIS LAZAR,,,F,NA,0.45,0.8,5.2,1.0,16.925
LEON DRAISAITL,,,F,NA,0.45,0.8,5.2,1.0,16.925
KASPERI KAPANEN,,,F,NA,0.45,0.8,5.2,1.0,16.925
JAKE WALMAN,,,F,NA,0.45,0.8,5.2,1.0,16.925
ANDREW MANGIAPANE,,,F,NA,0.45,0.8,5.2,1.0,16.925
CONNOR MCDAVID,,,F,NA,0.45,0.8,5.2,1.0,16.925
JACK ROSLOVIC,,,F,NA,0.45,0.8,5.2,1.0,16.925
TRENT FREDERIC,,,F,NA,0.45,0.8,5.2,1.0,16.925
TROY STECHER,,,F,NA,0.45,0.8,5.2,1.0,16.925
EVAN BOUCHARD,,,F,NA,0.45,0.8,5.2,1.0,16.925
ALEC REGULA,,,F,NA,0.45,0.8,5.2,1.0,16.925
TY EMBERSON,,,F,NA,0.45,0.8,5.2,1.0,16.925
NOAH PHILP,,,F,NA,0.45,0.8,5.2,1.0,16.925
VASILY PODKOLZIN,,,F,NA,0.45,0.8,5.2,1.0,16.925
ISAAC HOWARD,,,F,NA,0.45,0.8,5.2,1.0,16.925
MATT SAVOIE,,,F,NA,0.45,0.8,5.2,1.0,16.925
DAVID TOMASEK,,,F,NA,0.45,0.8,5.2,1.0,16.925
BRAD MARCHAND,,,F,NA,0.45,0.8,5.2,1.0,16.925
JEFF PETRY,,,F,NA,0.45,0.8,5.2,1.0,16.925
DMITRY KULIKOV,,,F,NA,0.45,0.8,5.2,1.0,16.925
CARTER VERHAEGHE,,,F,NA,0.45,0.8,5.2,1.0,16.925
SETH JONES,,,F,NA,0.45,0.8,5.2,1.0,16.925
AARON EKBLAD,,,F,NA,0.45,0.8,5.2,1.0,16.925
SAM REINHART,,,F,NA,0.45,0.8,5.2,1.0,16.925
SAM BENNETT,,,F,NA,0.45,0.8,5.2,1.0,16.925
GUSTAV FORSLING,,,F,NA,0.45,0.8,5.2,1.0,16.925
A J GREER,,,F,NA,0.45,0.8,5.2,1.0,16.925
EVAN RODRIGUES,,,F,NA,0.45,0.8,5.2,1.0,16.925
NIKO MIKKOLA,,,F,NA,0.45,0.8,5.2,1.0,16.925
LUKE KUNIN,,,F,NA,0.45,0.8,5.2,1.0,16.925
NOAH GREGOR,,,F,NA,0.45,0.8,5.2,1.0,16.925
JONAH GADJOVICH,,,F,NA,0.45,0.8,5.2,1.0,16.925
JESPER BOQVIST,,,F,NA,0.45,0.8,5.2,1.0,16.925
EETU LUOSTARINEN,,,F,NA,0.45,0.8,5.2,1.0,16.925
COLE SCHWINDT,,,F,NA,0.45,0.8,5.2,1.0,16.925
ANTON LUNDELL,,,F,NA,0.45,0.8,5.2,1.0,16.925
DONOVAN SEBRANGO,,,F,NA,0.45,0.8,5.2,1.0,16.925
MACKIE SAMOSKEVICH,,,F,NA,0.45,0.8,5.2,1.0,16.925
UVIS BALINSKIS,,,F,NA,0.45,0.8,5.2,1.0,16.925
BRAD MARCHAND,,,F,NA,0.45,0.8,5.2,1.0,16.925
JEFF PETRY,,,F,NA,0.45,0.8,5.2,1.0,16.925
DMITRY KULIKOV,,,F,NA,0.45,0.8,5.2,1.0,16.925
CARTER VERHAEGHE,,,F,NA,0.45,0.8,5.2,1.0,16.925
SETH JONES,,,F,NA,0.45,0.8,5.2,1.0,16.925
AARON EKBLAD,,,F,NA,0.45,0.8,5.2,1.0,16.925
SAM REINHART,,,F,NA,0.45,0.8,5.2,1.0,16.925
SAM BENNETT,,,F,NA,0.45,0.8,5.2,1.0,16.925
GUSTAV FORSLING,,,F,NA,0.45,0.8,5.2,1.0,16.925
A J GREER,,,F,NA,0.45,0.8,5.2,1.0,16.925
EVAN RODRIGUES,,,F,NA,0.45,0.8,5.2,1.0,16.925
NIKO MIKKOLA,,,F,NA,0.45,0.8,5.2,1.0,16.925
LUKE KUNIN,,,F,NA,0.45,0.8,5.2,1.0,16.925
NOAH GREGOR,,,F,NA,0.45,0.8,5.2,1.0,16.925
JONAH GADJOVICH,,,F,NA,0.45,0.8,5.2,1.0,16.925
JESPER BOQVIST,,,F,NA,0.45,0.8,5.2,1.0,16.925
EETU LUOSTARINEN,,,F,NA,0.45,0.8,5.2,1.0,16.925
COLE SCHWINDT,,,F,NA,0.45,0.8,5.2,1.0,16.925
ANTON LUNDELL,,,F,NA,0.45,0.8,5.2,1.0,16.925
DONOVAN SEBRANGO,,,F,NA,0.45,0.8,5.2,1.0,16.925
MACKIE SAMOSKEVICH,,,F,NA,0.45,0.8,5.2,1.0,16.925
UVIS BALINSKIS,,,F,NA,0.45,0.8,5.2,1.0,16.925
TYLER MYERS,,,F,NA,0.45,0.8,5.2,1.0,16.925
EVANDER KANE,,,F,NA,0.45,0.8,5.2,1.0,16.925
DEREK FORBORT,,,F,NA,0.45,0.8,5.2,1.0,16.925
JOSEPH LABATE,,,F,NA,0.45,0.8,5.2,1.0,16.925
MACKENZIE MACEACHERN,,,F,NA,0.45,0.8,5.2,1.0,16.925
TEDDY BLUEGER,,,F,NA,0.45,0.8,5.2,1.0,16.925
MARCUS PETTERSSON,,,F,NA,0.45,0.8,5.2,1.0,16.925
BROCK BOESER,,,F,NA,0.45,0.8,5.2,1.0,16.925
JAKE DEBRUSK,,,F,NA,0.45,0.8,5.2,1.0,16.925
CONOR GARLAND,,,F,NA,0.45,0.8,5.2,1.0,16.925
FILIP HRONEK,,,F,NA,0.45,0.8,5.2,1.0,16.925
ELIAS PETTERSSON,,,F,NA,0.45,0.8,5.2,1.0,16.925
P O JOSEPH,,,F,NA,0.45,0.8,5.2,1.0,16.925
FILIP CHYTIL,,,F,NA,0.45,0.8,5.2,1.0,16.925
KIEFER SHERWOOD,,,F,NA,0.45,0.8,5.2,1.0,16.925
QUINN HUGHES,,,F,NA,0.45,0.8,5.2,1.0,16.925
LINUS KARLSSON,,,F,NA,0.45,0.8,5.2,1.0,16.925
DREW O'CONNOR,,,F,NA,0.45,0.8,5.2,1.0,16.925
LUKAS REICHEL,,,F,NA,0.45,0.8,5.2,1.0,16.925
NILS AMAN,,,F,NA,0.45,0.8,5.2,1.0,16.925
AATU RATY,,,F,NA,0.45,0.8,5.2,1.0,16.925
ARSHDEEP BAINS,,,F,NA,0.45,0.8,5.2,1.0,16.925
JONATHAN LEKKERIM KI,,,F,NA,0.45,0.8,5.2,1.0,16.925
ELIAS PETTERSSON,,,F,NA,0.45,0.8,5.2,1.0,16.925
VICTOR MANCINI,,,F,NA,0.45,0.8,5.2,1.0,16.925
MAX SASSON,,,F,NA,0.45,0.8,5.2,1.0,16.925
TOM WILLANDER,,,F,NA,0.45,0.8,5.2,1.0,16.925
BRAEDEN COOTES,,,F,NA,0.45,0.8,5.2,1.0,16.925
TYLER MYERS,,,F,NA,0.45,0.8,5.2,1.0,16.925
EVANDER KANE,,,F,NA,0.45,0.8,5.2,1.0,16.925
DEREK FORBORT,,,F,NA,0.45,0.8,5.2,1.0,16.925
JOSEPH LABATE,,,F,NA,0.45,0.8,5.2,1.0,16.925
MACKENZIE MACEACHERN,,,F,NA,0.45,0.8,5.2,1.0,16.925
TEDDY BLUEGER,,,F,NA,0.45,0.8,5.2,1.0,16.925
MARCUS PETTERSSON,,,F,NA,0.45,0.8,5.2,1.0,16.925
BROCK BOESER,,,F,NA,0.45,0.8,5.2,1.0,16.925
JAKE DEBRUSK,,,F,NA,0.45,0.8,5.2,1.0,16.925
CONOR GARLAND,,,F,NA,0.45,0.8,5.2,1.0,16.925
FILIP HRONEK,,,F,NA,0.45,0.8,5.2,1.0,16.925
ELIAS PETTERSSON,,,F,NA,0.45,0.8,5.2,1.0,16.925
P O JOSEPH,,,F,NA,0.45,0.8,5.2,1.0,16.925
FILIP CHYTIL,,,F,NA,0.45,0.8,5.2,1.0,16.925
KIEFER SHERWOOD,,,F,NA,0.45,0.8,5.2,1.0,16.925
QUINN HUGHES,,,F,NA,0.45,0.8,5.2,1.0,16.925
LINUS KARLSSON,,,F,NA,0.45,0.8,5.2,1.0,16.925
DREW O'CONNOR,,,F,NA,0.45,0.8,5.2,1.0,16.925
LUKAS REICHEL,,,F,NA,0.45,0.8,5.2,1.0,16.925
NILS AMAN,,,F,NA,0.45,0.8,5.2,1.0,16.925
AATU RATY,,,F,NA,0.45,0.8,5.2,1.0,16.925
ARSHDEEP BAINS,,,F,NA,0.45,0.8,5.2,1.0,16.925
JONATHAN LEKKERIM KI,,,F,NA,0.45,0.8,5.2,1.0,16.925
ELIAS PETTERSSON,,,F,NA,0.45,0.8,5.2,1.0,16.925
VICTOR MANCINI,,,F,NA,0.45,0.8,5.2,1.0,16.925
MAX SASSON,,,F,NA,0.45,0.8,5.2,1.0,16.925
TOM WILLANDER,,,F,NA,0.45,0.8,5.2,1.0,16.925
BRAEDEN COOTES,,,F,NA,0.45,0.8,5.2,1.0,16.925
ALEX OVECHKIN,,,F,NA,0.45,0.8,5.2,1.0,16.925
JOHN CARLSON,,,F,NA,0.45,0.8,5.2,1.0,16.925
NIC DOWD,,,F,NA,0.45,0.8,5.2,1.0,16.925
DYLAN MCILRATH,,,F,NA,0.45,0.8,5.2,1.0,16.925
TOM WILSON,,,F,NA,0.45,0.8,5.2,1.0,16.925
TREVOR VAN RIEMSDYK,,,F,NA,0.45,0.8,5.2,1.0,16.925
SONNY MILANO,,,F,NA,0.45,0.8,5.2,1.0,16.925
DYLAN STROME,,,F,NA,0.45,0.8,5.2,1.0,16.925
ANTHONY BEAUVILLIER,,,F,NA,0.45,0.8,5.2,1.0,16.925
MATT ROY,,,F,NA,0.45,0.8,5.2,1.0,16.925
JAKOB CHYCHRUN,,,F,NA,0.45,0.8,5.2,1.0,16.925
PIERRE-LUC DUBOIS,,,F,NA,0.45,0.8,5.2,1.0,16.925
BRANDON DUHAIME,,,F,NA,0.45,0.8,5.2,1.0,16.925
MARTIN FEH RV RY,,,F,NA,0.45,0.8,5.2,1.0,16.925
RASMUS SANDIN,,,F,NA,0.45,0.8,5.2,1.0,16.925
DECLAN CHISHOLM,,,F,NA,0.45,0.8,5.2,1.0,16.925
CONNOR MCMICHAEL,,,F,NA,0.45,0.8,5.2,1.0,16.925
ALIAKSEI PROTAS,,,F,NA,0.45,0.8,5.2,1.0,16.925
JUSTIN SOURDIF,,,F,NA,0.45,0.8,5.2,1.0,16.925
HENDRIX LAPIERRE,,,F,NA,0.45,0.8,5.2,1.0,16.925
ETHEN FRANK,,,F,NA,0.45,0.8,5.2,1.0,16.925
RYAN LEONARD,,,F,NA,0.45,0.8,5.2,1.0,16.925
ALEX OVECHKIN,,,F,NA,0.45,0.8,5.2,1.0,16.925
JOHN CARLSON,,,F,NA,0.45,0.8,5.2,1.0,16.925
NIC DOWD,,,F,NA,0.45,0.8,5.2,1.0,16.925
DYLAN MCILRATH,,,F,NA,0.45,0.8,5.2,1.0,16.925
TOM WILSON,,,F,NA,0.45,0.8,5.2,1.0,16.925
TREVOR VAN RIEMSDYK,,,F,NA,0.45,0.8,5.2,1.0,16.925
SONNY MILANO,,,F,NA,0.45,0.8,5.2,1.0,16.925
DYLAN STROME,,,F,NA,0.45,0.8,5.2,1.0,16.925
ANTHONY BEAUVILLIER,,,F,NA,0.45,0.8,5.2,1.0,16.925
MATT ROY,,,F,NA,0.45,0.8,5.2,1.0,16.925
JAKOB CHYCHRUN,,,F,NA,0.45,0.8,5.2,1.0,16.925
PIERRE-LUC DUBOIS,,,F,NA,0.45,0.8,5.2,1.0,16.925
BRANDON DUHAIME,,,F,NA,0.45,0.8,5.2,1.0,16.925
MARTIN FEH RV RY,,,F,NA,0.45,0.8,5.2,1.0,16.925
RASMUS SANDIN,,,F,NA,0.45,0.8,5.2,1.0,16.925
DECLAN CHISHOLM,,,F,NA,0.45,0.8,5.2,1.0,16.925
CONNOR MCMICHAEL,,,F,NA,0.45,0.8,5.2,1.0,16.925
ALIAKSEI PROTAS,,,F,NA,0.45,0.8,5.2,1.0,16.925
JUSTIN SOURDIF,,,F,NA,0.45,0.8,5.2,1.0,16.925
HENDRIX LAPIERRE,,,F,NA,0.45,0.8,5.2,1.0,16.925
ETHEN FRANK,,,F,NA,0.45,0.8,5.2,1.0,16.925
RYAN LEONARD,,,F,NA,0.45,0.8,5.2,1.0,16.925
CHARLIE COYLE,,,F,NA,0.45,0.8,5.2,1.0,16.925
ERIK GUDBRANSON,,,F,NA,0.45,0.8,5.2,1.0,16.925
BOONE JENNER,,,F,NA,0.45,0.8,5.2,1.0,16.925
DAMON SEVERSON,,,F,NA,0.45,0.8,5.2,1.0,16.925
MILES WOOD,,,F,NA,0.45,0.8,5.2,1.0,16.925
SEAN MONAHAN,,,F,NA,0.45,0.8,5.2,1.0,16.925
DYSIN MAYO,,,F,NA,0.45,0.8,5.2,1.0,16.925
ZACH WERENSKI,,,F,NA,0.45,0.8,5.2,1.0,16.925
IVAN PROVOROV,,,F,NA,0.45,0.8,5.2,1.0,16.925
DANTE FABBRO,,,F,NA,0.45,0.8,5.2,1.0,16.925
MATHIEU OLIVIER,,,F,NA,0.45,0.8,5.2,1.0,16.925
ZACH ASTON-REESE,,,F,NA,0.45,0.8,5.2,1.0,16.925
ISAC LUNDESTROM,,,F,NA,0.45,0.8,5.2,1.0,16.925
KIRILL MARCHENKO,,,F,NA,0.45,0.8,5.2,1.0,16.925
JAKE CHRISTIANSEN,,,F,NA,0.45,0.8,5.2,1.0,16.925
DMITRI VORONKOV,,,F,NA,0.45,0.8,5.2,1.0,16.925
YEGOR CHINAKHOV,,,F,NA,0.45,0.8,5.2,1.0,16.925
KENT JOHNSON,,,F,NA,0.45,0.8,5.2,1.0,16.925
COLE SILLINGER,,,F,NA,0.45,0.8,5.2,1.0,16.925
LUCA DEL BEL BELLUZ,,,F,NA,0.45,0.8,5.2,1.0,16.925
DENTON MATEYCHUK,,,F,NA,0.45,0.8,5.2,1.0,16.925
ADAM FANTILLI,,,F,NA,0.45,0.8,5.2,1.0,16.925
CHARLIE COYLE,,,F,NA,0.45,0.8,5.2,1.0,16.925
ERIK GUDBRANSON,,,F,NA,0.45,0.8,5.2,1.0,16.925
BOONE JENNER,,,F,NA,0.45,0.8,5.2,1.0,16.925
DAMON SEVERSON,,,F,NA,0.45,0.8,5.2,1.0,16.925
MILES WOOD,,,F,NA,0.45,0.8,5.2,1.0,16.925
SEAN MONAHAN,,,F,NA,0.45,0.8,5.2,1.0,16.925
DYSIN MAYO,,,F,NA,0.45,0.8,5.2,1.0,16.925
ZACH WERENSKI,,,F,NA,0.45,0.8,5.2,1.0,16.925
IVAN PROVOROV,,,F,NA,0.45,0.8,5.2,1.0,16.925
DANTE FABBRO,,,F,NA,0.45,0.8,5.2,1.0,16.925
MATHIEU OLIVIER,,,F,NA,0.45,0.8,5.2,1.0,16.925
ZACH ASTON-REESE,,,F,NA,0.45,0.8,5.2,1.0,16.925
ISAC LUNDESTROM,,,F,NA,0.45,0.8,5.2,1.0,16.925
KIRILL MARCHENKO,,,F,NA,0.45,0.8,5.2,1.0,16.925
JAKE CHRISTIANSEN,,,F,NA,0.45,0.8,5.2,1.0,16.925
DMITRI VORONKOV,,,F,NA,0.45,0.8,5.2,1.0,16.925
YEGOR CHINAKHOV,,,F,NA,0.45,0.8,5.2,1.0,16.925
KENT JOHNSON,,,F,NA,0.45,0.8,5.2,1.0,16.925
COLE SILLINGER,,,F,NA,0.45,0.8,5.2,1.0,16.925
LUCA DEL BEL BELLUZ,,,F,NA,0.45,0.8,5.2,1.0,16.925
DENTON MATEYCHUK,,,F,NA,0.45,0.8,5.2,1.0,16.925
ADAM FANTILLI,,,F,NA,0.45,0.8,5.2,1.0,16.925
BRENDAN GALLAGHER,,,F,NA,0.45,0.8,5.2,1.0,16.925
MIKE MATHESON,,,F,NA,0.45,0.8,5.2,1.0,16.925
JOSH ANDERSON,,,F,NA,0.45,0.8,5.2,1.0,16.925
JAKE EVANS,,,F,NA,0.45,0.8,5.2,1.0,16.925
ALEXANDRE CARRIER,,,F,NA,0.45,0.8,5.2,1.0,16.925
PATRIK LAINE,,,F,NA,0.45,0.8,5.2,1.0,16.925
NICK SUZUKI,,,F,NA,0.45,0.8,5.2,1.0,16.925
JOE VELENO,,,F,NA,0.45,0.8,5.2,1.0,16.925
NOAH DOBSON,,,F,NA,0.45,0.8,5.2,1.0,16.925
KIRBY DACH,,,F,NA,0.45,0.8,5.2,1.0,16.925
COLE CAUFIELD,,,F,NA,0.45,0.8,5.2,1.0,16.925
JAYDEN STRUBLE,,,F,NA,0.45,0.8,5.2,1.0,16.925
ALEX NEWHOOK,,,F,NA,0.45,0.8,5.2,1.0,16.925
KAIDEN GUHLE,,,F,NA,0.45,0.8,5.2,1.0,16.925
ZACK BOLDUC,,,F,NA,0.45,0.8,5.2,1.0,16.925
JOSHUA ROY,,,F,NA,0.45,0.8,5.2,1.0,16.925
OLIVER KAPANEN,,,F,NA,0.45,0.8,5.2,1.0,16.925
ARBER XHEKAJ,,,F,NA,0.45,0.8,5.2,1.0,16.925
OWEN BECK,,,F,NA,0.45,0.8,5.2,1.0,16.925
LANE HUTSON,,,F,NA,0.45,0.8,5.2,1.0,16.925
JURAJ SLAFKOVSK,,,F,NA,0.45,0.8,5.2,1.0,16.925
JARED DAVIDSON,,,F,NA,0.45,0.8,5.2,1.0,16.925
IVAN DEMIDOV,,,F,NA,0.45,0.8,5.2,1.0,16.925
BRENDAN GALLAGHER,,,F,NA,0.45,0.8,5.2,1.0,16.925
MIKE MATHESON,,,F,NA,0.45,0.8,5.2,1.0,16.925
JOSH ANDERSON,,,F,NA,0.45,0.8,5.2,1.0,16.925
JAKE EVANS,,,F,NA,0.45,0.8,5.2,1.0,16.925
ALEXANDRE CARRIER,,,F,NA,0.45,0.8,5.2,1.0,16.925
PATRIK LAINE,,,F,NA,0.45,0.8,5.2,1.0,16.925
NICK SUZUKI,,,F,NA,0.45,0.8,5.2,1.0,16.925
JOE VELENO,,,F,NA,0.45,0.8,5.2,1.0,16.925
NOAH DOBSON,,,F,NA,0.45,0.8,5.2,1.0,16.925
KIRBY DACH,,,F,NA,0.45,0.8,5.2,1.0,16.925
COLE CAUFIELD,,,F,NA,0.45,0.8,5.2,1.0,16.925
JAYDEN STRUBLE,,,F,NA,0.45,0.8,5.2,1.0,16.925
ALEX NEWHOOK,,,F,NA,0.45,0.8,5.2,1.0,16.925
KAIDEN GUHLE,,,F,NA,0.45,0.8,5.2,1.0,16.925
ZACK BOLDUC,,,F,NA,0.45,0.8,5.2,1.0,16.925
JOSHUA ROY,,,F,NA,0.45,0.8,5.2,1.0,16.925
OLIVER KAPANEN,,,F,NA,0.45,0.8,5.2,1.0,16.925
ARBER XHEKAJ,,,F,NA,0.45,0.8,5.2,1.0,16.925
OWEN BECK,,,F,NA,0.45,0.8,5.2,1.0,16.925
LANE HUTSON,,,F,NA,0.45,0.8,5.2,1.0,16.925
JURAJ SLAFKOVSK,,,F,NA,0.45,0.8,5.2,1.0,16.925
JARED DAVIDSON,,,F,NA,0.45,0.8,5.2,1.0,16.925
IVAN DEMIDOV,,,F,NA,0.45,0.8,5.2,1.0,16.925
ALEX KILLORN,,,F,NA,0.45,0.8,5.2,1.0,16.925
CHRIS KREIDER,,,F,NA,0.45,0.8,5.2,1.0,16.925
RADKO GUDAS,,,F,NA,0.45,0.8,5.2,1.0,16.925
MIKAEL GRANLUND,,,F,NA,0.45,0.8,5.2,1.0,16.925
RYAN STROME,,,F,NA,0.45,0.8,5.2,1.0,16.925
JACOB TROUBA,,,F,NA,0.45,0.8,5.2,1.0,16.925
ROSS JOHNSTON,,,F,NA,0.45,0.8,5.2,1.0,16.925
FRANK VATRANO,,,F,NA,0.45,0.8,5.2,1.0,16.925
JANSEN HARKINS,,,F,NA,0.45,0.8,5.2,1.0,16.925
TROY TERRY,,,F,NA,0.45,0.8,5.2,1.0,16.925
RYAN POEHLING,,,F,NA,0.45,0.8,5.2,1.0,16.925
DREW HELLESON,,,F,NA,0.45,0.8,5.2,1.0,16.925
JACKSON LACOMBE,,,F,NA,0.45,0.8,5.2,1.0,16.925
NIKITA NESTERENKO,,,F,NA,0.45,0.8,5.2,1.0,16.925
SAM COLANGELO,,,F,NA,0.45,0.8,5.2,1.0,16.925
IAN MOORE,,,F,NA,0.45,0.8,5.2,1.0,16.925
MASON MCTAVISH,,,F,NA,0.45,0.8,5.2,1.0,16.925
OLEN ZELLWEGER,,,F,NA,0.45,0.8,5.2,1.0,16.925
CUTTER GAUTHIER,,,F,NA,0.45,0.8,5.2,1.0,16.925
PAVEL MINTYUKOV,,,F,NA,0.45,0.8,5.2,1.0,16.925
LEO CARLSSON,,,F,NA,0.45,0.8,5.2,1.0,16.925
BECKETT SENNECKE,,,F,NA,0.45,0.8,5.2,1.0,16.925
ALEX KILLORN,,,F,NA,0.45,0.8,5.2,1.0,16.925
CHRIS KREIDER,,,F,NA,0.45,0.8,5.2,1.0,16.925
RADKO GUDAS,,,F,NA,0.45,0.8,5.2,1.0,16.925
MIKAEL GRANLUND,,,F,NA,0.45,0.8,5.2,1.0,16.925
RYAN STROME,,,F,NA,0.45,0.8,5.2,1.0,16.925
JACOB TROUBA,,,F,NA,0.45,0.8,5.2,1.0,16.925
ROSS JOHNSTON,,,F,NA,0.45,0.8,5.2,1.0,16.925
FRANK VATRANO,,,F,NA,0.45,0.8,5.2,1.0,16.925
JANSEN HARKINS,,,F,NA,0.45,0.8,5.2,1.0,16.925
TROY TERRY,,,F,NA,0.45,0.8,5.2,1.0,16.925
RYAN POEHLING,,,F,NA,0.45,0.8,5.2,1.0,16.925
DREW HELLESON,,,F,NA,0.45,0.8,5.2,1.0,16.925
JACKSON LACOMBE,,,F,NA,0.45,0.8,5.2,1.0,16.925
NIKITA NESTERENKO,,,F,NA,0.45,0.8,5.2,1.0,16.925
SAM COLANGELO,,,F,NA,0.45,0.8,5.2,1.0,16.925
IAN MOORE,,,F,NA,0.45,0.8,5.2,1.0,16.925
MASON MCTAVISH,,,F,NA,0.45,0.8,5.2,1.0,16.925
OLEN ZELLWEGER,,,F,NA,0.45,0.8,5.2,1.0,16.925
CUTTER GAUTHIER,,,F,NA,0.45,0.8,5.2,1.0,16.925
PAVEL MINTYUKOV,,,F,NA,0.45,0.8,5.2,1.0,16.925
LEO CARLSSON,,,F,NA,0.45,0.8,5.2,1.0,16.925
BECKETT SENNECKE,,,F,NA,0.45,0.8,5.2,1.0,16.925
IAN COLE,,,F,NA,0.45,0.8,5.2,1.0,16.925
ANDREW AGOZZINO,,,F,NA,0.45,0.8,5.2,1.0,16.925
OLLI M TT,,,F,NA,0.45,0.8,5.2,1.0,16.925
LIAM O'BRIEN,,,F,NA,0.45,0.8,5.2,1.0,16.925
NATE SCHMIDT,,,F,NA,0.45,0.8,5.2,1.0,16.925
NICK SCHMALTZ,,,F,NA,0.45,0.8,5.2,1.0,16.925
LAWSON CROUSE,,,F,NA,0.45,0.8,5.2,1.0,16.925
JOHN MARINO,,,F,NA,0.45,0.8,5.2,1.0,16.925
KEVIN STENLUND,,,F,NA,0.45,0.8,5.2,1.0,16.925
BRANDON TANEV,,,F,NA,0.45,0.8,5.2,1.0,16.925
CLAYTON KELLER,,,F,NA,0.45,0.8,5.2,1.0,16.925
MIKHAIL SERGACHEV,,,F,NA,0.45,0.8,5.2,1.0,16.925
MICHAEL CARCONE,,,F,NA,0.45,0.8,5.2,1.0,16.925
KAILER YAMAMOTO,,,F,NA,0.45,0.8,5.2,1.0,16.925
NICK DESIMONE,,,F,NA,0.45,0.8,5.2,1.0,16.925
SEAN DURZI,,,F,NA,0.45,0.8,5.2,1.0,16.925
BARRETT HAYTON,,,F,NA,0.45,0.8,5.2,1.0,16.925
JACK MCBAIN,,,F,NA,0.45,0.8,5.2,1.0,16.925
JJ PETERKA,,,F,NA,0.45,0.8,5.2,1.0,16.925
DYLAN GUENTHER,,,F,NA,0.45,0.8,5.2,1.0,16.925
LOGAN COOLEY,,,F,NA,0.45,0.8,5.2,1.0,16.925
DMITRI SIMASHEV,,,F,NA,0.45,0.8,5.2,1.0,16.925
IAN COLE,,,F,NA,0.45,0.8,5.2,1.0,16.925
ANDREW AGOZZINO,,,F,NA,0.45,0.8,5.2,1.0,16.925
OLLI M TT,,,F,NA,0.45,0.8,5.2,1.0,16.925
LIAM O'BRIEN,,,F,NA,0.45,0.8,5.2,1.0,16.925
NATE SCHMIDT,,,F,NA,0.45,0.8,5.2,1.0,16.925
NICK SCHMALTZ,,,F,NA,0.45,0.8,5.2,1.0,16.925
LAWSON CROUSE,,,F,NA,0.45,0.8,5.2,1.0,16.925
JOHN MARINO,,,F,NA,0.45,0.8,5.2,1.0,16.925
KEVIN STENLUND,,,F,NA,0.45,0.8,5.2,1.0,16.925
BRANDON TANEV,,,F,NA,0.45,0.8,5.2,1.0,16.925
CLAYTON KELLER,,,F,NA,0.45,0.8,5.2,1.0,16.925
MIKHAIL SERGACHEV,,,F,NA,0.45,0.8,5.2,1.0,16.925
MICHAEL CARCONE,,,F,NA,0.45,0.8,5.2,1.0,16.925
KAILER YAMAMOTO,,,F,NA,0.45,0.8,5.2,1.0,16.925
NICK DESIMONE,,,F,NA,0.45,0.8,5.2,1.0,16.925
SEAN DURZI,,,F,NA,0.45,0.8,5.2,1.0,16.925
BARRETT HAYTON,,,F,NA,0.45,0.8,5.2,1.0,16.925
JACK MCBAIN,,,F,NA,0.45,0.8,5.2,1.0,16.925
JJ PETERKA,,,F,NA,0.45,0.8,5.2,1.0,16.925
DYLAN GUENTHER,,,F,NA,0.45,0.8,5.2,1.0,16.925
LOGAN COOLEY,,,F,NA,0.45,0.8,5.2,1.0,16.925
DMITRI SIMASHEV,,,F,NA,0.45,0.8,5.2,1.0,16.925
JOHN TAVARES,,,F,NA,0.45,0.8,5.2,1.0,16.925
OLIVER EKMAN-LARSSON,,,F,NA,0.45,0.8,5.2,1.0,16.925
CHRIS TANEV,,,F,NA,0.45,0.8,5.2,1.0,16.925
CALLE JARNKROK,,,F,NA,0.45,0.8,5.2,1.0,16.925
MORGAN RIELLY,,,F,NA,0.45,0.8,5.2,1.0,16.925
SCOTT LAUGHTON,,,F,NA,0.45,0.8,5.2,1.0,16.925
JAKE MCCABE,,,F,NA,0.45,0.8,5.2,1.0,16.925
MAX DOMI,,,F,NA,0.45,0.8,5.2,1.0,16.925
DAKOTA MERMIS,,,F,NA,0.45,0.8,5.2,1.0,16.925
WILLIAM NYLANDER,,,F,NA,0.45,0.8,5.2,1.0,16.925
DAKOTA JOSHUA,,,F,NA,0.45,0.8,5.2,1.0,16.925
SAMMY BLAIS,,,F,NA,0.45,0.8,5.2,1.0,16.925
BRANDON CARLO,,,F,NA,0.45,0.8,5.2,1.0,16.925
NICOLAS ROY,,,F,NA,0.45,0.8,5.2,1.0,16.925
STEVEN LORENTZ,,,F,NA,0.45,0.8,5.2,1.0,16.925
PHILIPPE MYERS,,,F,NA,0.45,0.8,5.2,1.0,16.925
AUSTON MATTHEWS,,,F,NA,0.45,0.8,5.2,1.0,16.925
SIMON BENOIT,,,F,NA,0.45,0.8,5.2,1.0,16.925
NICHOLAS ROBERTSON,,,F,NA,0.45,0.8,5.2,1.0,16.925
MATIAS MACCELLI,,,F,NA,0.45,0.8,5.2,1.0,16.925
BOBBY MCMANN,,,F,NA,0.45,0.8,5.2,1.0,16.925
MATTHEW KNIES,,,F,NA,0.45,0.8,5.2,1.0,16.925
EASTON COWAN,,,F,NA,0.45,0.8,5.2,1.0,16.925
JOHN TAVARES,,,F,NA,0.45,0.8,5.2,1.0,16.925
OLIVER EKMAN-LARSSON,,,F,NA,0.45,0.8,5.2,1.0,16.925
CHRIS TANEV,,,F,NA,0.45,0.8,5.2,1.0,16.925
CALLE JARNKROK,,,F,NA,0.45,0.8,5.2,1.0,16.925
MORGAN RIELLY,,,F,NA,0.45,0.8,5.2,1.0,16.925
SCOTT LAUGHTON,,,F,NA,0.45,0.8,5.2,1.0,16.925
JAKE MCCABE,,,F,NA,0.45,0.8,5.2,1.0,16.925
MAX DOMI,,,F,NA,0.45,0.8,5.2,1.0,16.925
DAKOTA MERMIS,,,F,NA,0.45,0.8,5.2,1.0,16.925
WILLIAM NYLANDER,,,F,NA,0.45,0.8,5.2,1.0,16.925
DAKOTA JOSHUA,,,F,NA,0.45,0.8,5.2,1.0,16.925
SAMMY BLAIS,,,F,NA,0.45,0.8,5.2,1.0,16.925
BRANDON CARLO,,,F,NA,0.45,0.8,5.2,1.0,16.925
NICOLAS ROY,,,F,NA,0.45,0.8,5.2,1.0,16.925
STEVEN LORENTZ,,,F,NA,0.45,0.8,5.2,1.0,16.925
PHILIPPE MYERS,,,F,NA,0.45,0.8,5.2,1.0,16.925
AUSTON MATTHEWS,,,F,NA,0.45,0.8,5.2,1.0,16.925
SIMON BENOIT,,,F,NA,0.45,0.8,5.2,1.0,16.925
NICHOLAS ROBERTSON,,,F,NA,0.45,0.8,5.2,1.0,16.925
MATIAS MACCELLI,,,F,NA,0.45,0.8,5.2,1.0,16.925
BOBBY MCMANN,,,F,NA,0.45,0.8,5.2,1.0,16.925
MATTHEW KNIES,,,F,NA,0.45,0.8,5.2,1.0,16.925
EASTON COWAN,,,F,NA,0.45,0.8,5.2,1.0,16.925
BRAYDEN SCHENN,,,F,NA,0.45,0.8,5.2,1.0,16.925
JUSTIN FAULK,,,F,NA,0.45,0.8,5.2,1.0,16.925
NICK BJUGSTAD,,,F,NA,0.45,0.8,5.2,1.0,16.925
CAM FOWLER,,,F,NA,0.45,0.8,5.2,1.0,16.925
COLTON PARAYKO,,,F,NA,0.45,0.8,5.2,1.0,16.925
OSKAR SUNDQVIST,,,F,NA,0.45,0.8,5.2,1.0,16.925
PAVEL BUCHNEVICH,,,F,NA,0.45,0.8,5.2,1.0,16.925
NATHAN WALKER,,,F,NA,0.45,0.8,5.2,1.0,16.925
MATHIEU JOSEPH,,,F,NA,0.45,0.8,5.2,1.0,16.925
JORDAN KYROU,,,F,NA,0.45,0.8,5.2,1.0,16.925
ROBERT THOMAS,,,F,NA,0.45,0.8,5.2,1.0,16.925
ALEXANDRE TEXIER,,,F,NA,0.45,0.8,5.2,1.0,16.925
ALEXEY TOROPCHENKO,,,F,NA,0.45,0.8,5.2,1.0,16.925
PIUS SUTER,,,F,NA,0.45,0.8,5.2,1.0,16.925
TYLER TUCKER,,,F,NA,0.45,0.8,5.2,1.0,16.925
PHILIP BROBERG,,,F,NA,0.45,0.8,5.2,1.0,16.925
HUNTER SKINNER,,,F,NA,0.45,0.8,5.2,1.0,16.925
DYLAN HOLLOWAY,,,F,NA,0.45,0.8,5.2,1.0,16.925
JAKE NEIGHBOURS,,,F,NA,0.45,0.8,5.2,1.0,16.925
MATTHEW KESSEL,,,F,NA,0.45,0.8,5.2,1.0,16.925
LOGAN MAILLOUX,,,F,NA,0.45,0.8,5.2,1.0,16.925
JIMMY SNUGGERUD,,,F,NA,0.45,0.8,5.2,1.0,16.925
DALIBOR DVORSKY,,,F,NA,0.45,0.8,5.2,1.0,16.925
BRAYDEN SCHENN,,,F,NA,0.45,0.8,5.2,1.0,16.925
JUSTIN FAULK,,,F,NA,0.45,0.8,5.2,1.0,16.925
NICK BJUGSTAD,,,F,NA,0.45,0.8,5.2,1.0,16.925
CAM FOWLER,,,F,NA,0.45,0.8,5.2,1.0,16.925
COLTON PARAYKO,,,F,NA,0.45,0.8,5.2,1.0,16.925
OSKAR SUNDQVIST,,,F,NA,0.45,0.8,5.2,1.0,16.925
PAVEL BUCHNEVICH,,,F,NA,0.45,0.8,5.2,1.0,16.925
NATHAN WALKER,,,F,NA,0.45,0.8,5.2,1.0,16.925
MATHIEU JOSEPH,,,F,NA,0.45,0.8,5.2,1.0,16.925
JORDAN KYROU,,,F,NA,0.45,0.8,5.2,1.0,16.925
ROBERT THOMAS,,,F,NA,0.45,0.8,5.2,1.0,16.925
ALEXANDRE TEXIER,,,F,NA,0.45,0.8,5.2,1.0,16.925
ALEXEY TOROPCHENKO,,,F,NA,0.45,0.8,5.2,1.0,16.925
PIUS SUTER,,,F,NA,0.45,0.8,5.2,1.0,16.925
TYLER TUCKER,,,F,NA,0.45,0.8,5.2,1.0,16.925
PHILIP BROBERG,,,F,NA,0.45,0.8,5.2,1.0,16.925
HUNTER SKINNER,,,F,NA,0.45,0.8,5.2,1.0,16.925
DYLAN HOLLOWAY,,,F,NA,0.45,0.8,5.2,1.0,16.925
JAKE NEIGHBOURS,,,F,NA,0.45,0.8,5.2,1.0,16.925
MATTHEW KESSEL,,,F,NA,0.45,0.8,5.2,1.0,16.925
LOGAN MAILLOUX,,,F,NA,0.45,0.8,5.2,1.0,16.925
JIMMY SNUGGERUD,,,F,NA,0.45,0.8,5.2,1.0,16.925
DALIBOR DVORSKY,,,F,NA,0.45,0.8,5.2,1.0,16.925
JAMES VAN RIEMSDYK,,,F,NA,0.45,0.8,5.2,1.0,16.925
PATRICK KANE,,,F,NA,0.45,0.8,5.2,1.0,16.925
TRAVIS HAMONIC,,,F,NA,0.45,0.8,5.2,1.0,16.925
BEN CHIAROT,,,F,NA,0.45,0.8,5.2,1.0,16.925
ANDREW COPP,,,F,NA,0.45,0.8,5.2,1.0,16.925
J T COMPHER,,,F,NA,0.45,0.8,5.2,1.0,16.925
DYLAN LARKIN,,,F,NA,0.45,0.8,5.2,1.0,16.925
MASON APPLETON,,,F,NA,0.45,0.8,5.2,1.0,16.925
ALEX DEBRINCAT,,,F,NA,0.45,0.8,5.2,1.0,16.925
MICHAEL RASMUSSEN,,,F,NA,0.45,0.8,5.2,1.0,16.925
JACOB BERNARD-DOCKER,,,F,NA,0.45,0.8,5.2,1.0,16.925
JONATAN BERGGREN,,,F,NA,0.45,0.8,5.2,1.0,16.925
MORITZ SEIDER,,,F,NA,0.45,0.8,5.2,1.0,16.925
ALBERT JOHANSSON,,,F,NA,0.45,0.8,5.2,1.0,16.925
ELMER SODERBLOM,,,F,NA,0.45,0.8,5.2,1.0,16.925
LUCAS RAYMOND,,,F,NA,0.45,0.8,5.2,1.0,16.925
SIMON EDVINSSON,,,F,NA,0.45,0.8,5.2,1.0,16.925
MARCO KASPER,,,F,NA,0.45,0.8,5.2,1.0,16.925
NATE DANIELSON,,,F,NA,0.45,0.8,5.2,1.0,16.925
AXEL SANDIN-PELLIKKA,,,F,NA,0.45,0.8,5.2,1.0,16.925
EMMITT FINNIE,,,F,NA,0.45,0.8,5.2,1.0,16.925
MICHAEL BRANDSEGG-NYG RD,,,F,NA,0.45,0.8,5.2,1.0,16.925
JAMES VAN RIEMSDYK,,,F,NA,0.45,0.8,5.2,1.0,16.925
PATRICK KANE,,,F,NA,0.45,0.8,5.2,1.0,16.925
TRAVIS HAMONIC,,,F,NA,0.45,0.8,5.2,1.0,16.925
BEN CHIAROT,,,F,NA,0.45,0.8,5.2,1.0,16.925
ANDREW COPP,,,F,NA,0.45,0.8,5.2,1.0,16.925
J T COMPHER,,,F,NA,0.45,0.8,5.2,1.0,16.925
DYLAN LARKIN,,,F,NA,0.45,0.8,5.2,1.0,16.925
MASON APPLETON,,,F,NA,0.45,0.8,5.2,1.0,16.925
ALEX DEBRINCAT,,,F,NA,0.45,0.8,5.2,1.0,16.925
MICHAEL RASMUSSEN,,,F,NA,0.45,0.8,5.2,1.0,16.925
JACOB BERNARD-DOCKER,,,F,NA,0.45,0.8,5.2,1.0,16.925
JONATAN BERGGREN,,,F,NA,0.45,0.8,5.2,1.0,16.925
MORITZ SEIDER,,,F,NA,0.45,0.8,5.2,1.0,16.925
ALBERT JOHANSSON,,,F,NA,0.45,0.8,5.2,1.0,16.925
ELMER SODERBLOM,,,F,NA,0.45,0.8,5.2,1.0,16.925
LUCAS RAYMOND,,,F,NA,0.45,0.8,5.2,1.0,16.925
SIMON EDVINSSON,,,F,NA,0.45,0.8,5.2,1.0,16.925
MARCO KASPER,,,F,NA,0.45,0.8,5.2,1.0,16.925
NATE DANIELSON,,,F,NA,0.45,0.8,5.2,1.0,16.925
AXEL SANDIN-PELLIKKA,,,F,NA,0.45,0.8,5.2,1.0,16.925
EMMITT FINNIE,,,F,NA,0.45,0.8,5.2,1.0,16.925
MICHAEL BRANDSEGG-NYG RD,,,F,NA,0.45,0.8,5.2,1.0,16.925
JORDAN EBERLE,,,F,NA,0.45,0.8,5.2,1.0,16.925
JADEN SCHWARTZ,,,F,NA,0.45,0.8,5.2,1.0,16.925
ADAM LARSSON,,,F,NA,0.45,0.8,5.2,1.0,16.925
JAMIE OLEKSIAK,,,F,NA,0.45,0.8,5.2,1.0,16.925
CHANDLER STEPHENSON,,,F,NA,0.45,0.8,5.2,1.0,16.925
JOHN HAYDEN,,,F,NA,0.45,0.8,5.2,1.0,16.925
FREDERIC GAUDREAU,,,F,NA,0.45,0.8,5.2,1.0,16.925
JARED MCCANN,,,F,NA,0.45,0.8,5.2,1.0,16.925
BRANDON MONTOUR,,,F,NA,0.45,0.8,5.2,1.0,16.925
VINCE DUNN,,,F,NA,0.45,0.8,5.2,1.0,16.925
MASON MARCHMENT,,,F,NA,0.45,0.8,5.2,1.0,16.925
RYAN LINDGREN,,,F,NA,0.45,0.8,5.2,1.0,16.925
JOSHUA MAHURA,,,F,NA,0.45,0.8,5.2,1.0,16.925
CALE FLEURY,,,F,NA,0.45,0.8,5.2,1.0,16.925
EELI TOLVANEN,,,F,NA,0.45,0.8,5.2,1.0,16.925
KAAPO KAKKO,,,F,NA,0.45,0.8,5.2,1.0,16.925
TYE KARTYE,,,F,NA,0.45,0.8,5.2,1.0,16.925
MATTY BENIERS,,,F,NA,0.45,0.8,5.2,1.0,16.925
RYAN WINTERTON,,,F,NA,0.45,0.8,5.2,1.0,16.925
RYKER EVANS,,,F,NA,0.45,0.8,5.2,1.0,16.925
JANI NYMAN,,,F,NA,0.45,0.8,5.2,1.0,16.925
SHANE WRIGHT,,,F,NA,0.45,0.8,5.2,1.0,16.925
BEN MEYERS,,,F,NA,0.45,0.8,5.2,1.0,16.925
BERKLY CATTON,,,F,NA,0.45,0.8,5.2,1.0,16.925
JORDAN EBERLE,,,F,NA,0.45,0.8,5.2,1.0,16.925
JADEN SCHWARTZ,,,F,NA,0.45,0.8,5.2,1.0,16.925
ADAM LARSSON,,,F,NA,0.45,0.8,5.2,1.0,16.925
JAMIE OLEKSIAK,,,F,NA,0.45,0.8,5.2,1.0,16.925
CHANDLER STEPHENSON,,,F,NA,0.45,0.8,5.2,1.0,16.925
JOHN HAYDEN,,,F,NA,0.45,0.8,5.2,1.0,16.925
FREDERIC GAUDREAU,,,F,NA,0.45,0.8,5.2,1.0,16.925
JARED MCCANN,,,F,NA,0.45,0.8,5.2,1.0,16.925
BRANDON MONTOUR,,,F,NA,0.45,0.8,5.2,1.0,16.925
VINCE DUNN,,,F,NA,0.45,0.8,5.2,1.0,16.925
MASON MARCHMENT,,,F,NA,0.45,0.8,5.2,1.0,16.925
RYAN LINDGREN,,,F,NA,0.45,0.8,5.2,1.0,16.925
JOSHUA MAHURA,,,F,NA,0.45,0.8,5.2,1.0,16.925
CALE FLEURY,,,F,NA,0.45,0.8,5.2,1.0,16.925
EELI TOLVANEN,,,F,NA,0.45,0.8,5.2,1.0,16.925
KAAPO KAKKO,,,F,NA,0.45,0.8,5.2,1.0,16.925
TYE KARTYE,,,F,NA,0.45,0.8,5.2,1.0,16.925
MATTY BENIERS,,,F,NA,0.45,0.8,5.2,1.0,16.925
RYAN WINTERTON,,,F,NA,0.45,0.8,5.2,1.0,16.925
RYKER EVANS,,,F,NA,0.45,0.8,5.2,1.0,16.925
JANI NYMAN,,,F,NA,0.45,0.8,5.2,1.0,16.925
SHANE WRIGHT,,,F,NA,0.45,0.8,5.2,1.0,16.925
BEN MEYERS,,,F,NA,0.45,0.8,5.2,1.0,16.925
BERKLY CATTON,,,F,NA,0.45,0.8,5.2,1.0,16.925
MATT DUCHENE,,,F,NA,0.45,0.8,5.2,1.0,16.925
ALEX PETROVIC,,,F,NA,0.45,0.8,5.2,1.0,16.925
TYLER SEGUIN,,,F,NA,0.45,0.8,5.2,1.0,16.925
COLIN BLACKWELL,,,F,NA,0.45,0.8,5.2,1.0,16.925
RADEK FAKSA,,,F,NA,0.45,0.8,5.2,1.0,16.925
ESA LINDELL,,,F,NA,0.45,0.8,5.2,1.0,16.925
ADAM ERNE,,,F,NA,0.45,0.8,5.2,1.0,16.925
MIKKO RANTANEN,,,F,NA,0.45,0.8,5.2,1.0,16.925
ROOPE HINTZ,,,F,NA,0.45,0.8,5.2,1.0,16.925
KYLE CAPOBIANCO,,,F,NA,0.45,0.8,5.2,1.0,16.925
SAM STEEL,,,F,NA,0.45,0.8,5.2,1.0,16.925
NATHAN BASTIAN,,,F,NA,0.45,0.8,5.2,1.0,16.925
JASON ROBERTSON,,,F,NA,0.45,0.8,5.2,1.0,16.925
MIRO HEISKANEN,,,F,NA,0.45,0.8,5.2,1.0,16.925
OSKAR B CK,,,F,NA,0.45,0.8,5.2,1.0,16.925
NILS LUNDKVIST,,,F,NA,0.45,0.8,5.2,1.0,16.925
ILYA LYUBUSHKIN,,,F,NA,0.45,0.8,5.2,1.0,16.925
THOMAS HARLEY,,,F,NA,0.45,0.8,5.2,1.0,16.925
MAVRIK BOURQUE,,,F,NA,0.45,0.8,5.2,1.0,16.925
WYATT JOHNSTON,,,F,NA,0.45,0.8,5.2,1.0,16.925
LIAN BICHSEL,,,F,NA,0.45,0.8,5.2,1.0,16.925
JUSTIN HRYCKOWIAN,,,F,NA,0.45,0.8,5.2,1.0,16.925
MATT DUCHENE,,,F,NA,0.45,0.8,5.2,1.0,16.925
ALEX PETROVIC,,,F,NA,0.45,0.8,5.2,1.0,16.925
TYLER SEGUIN,,,F,NA,0.45,0.8,5.2,1.0,16.925
COLIN BLACKWELL,,,F,NA,0.45,0.8,5.2,1.0,16.925
RADEK FAKSA,,,F,NA,0.45,0.8,5.2,1.0,16.925
ESA LINDELL,,,F,NA,0.45,0.8,5.2,1.0,16.925
ADAM ERNE,,,F,NA,0.45,0.8,5.2,1.0,16.925
MIKKO RANTANEN,,,F,NA,0.45,0.8,5.2,1.0,16.925
ROOPE HINTZ,,,F,NA,0.45,0.8,5.2,1.0,16.925
KYLE CAPOBIANCO,,,F,NA,0.45,0.8,5.2,1.0,16.925
SAM STEEL,,,F,NA,0.45,0.8,5.2,1.0,16.925
NATHAN BASTIAN,,,F,NA,0.45,0.8,5.2,1.0,16.925
JASON ROBERTSON,,,F,NA,0.45,0.8,5.2,1.0,16.925
MIRO HEISKANEN,,,F,NA,0.45,0.8,5.2,1.0,16.925
OSKAR B CK,,,F,NA,0.45,0.8,5.2,1.0,16.925
NILS LUNDKVIST,,,F,NA,0.45,0.8,5.2,1.0,16.925
ILYA LYUBUSHKIN,,,F,NA,0.45,0.8,5.2,1.0,16.925
THOMAS HARLEY,,,F,NA,0.45,0.8,5.2,1.0,16.925
MAVRIK BOURQUE,,,F,NA,0.45,0.8,5.2,1.0,16.925
WYATT JOHNSTON,,,F,NA,0.45,0.8,5.2,1.0,16.925
LIAN BICHSEL,,,F,NA,0.45,0.8,5.2,1.0,16.925
JUSTIN HRYCKOWIAN,,,F,NA,0.45,0.8,5.2,1.0,16.925
KYLE PALMIERI,,,F,NA,0.45,0.8,5.2,1.0,16.925
CASEY CIZIKAS,,,F,NA,0.45,0.8,5.2,1.0,16.925
ANDERS LEE,,,F,NA,0.45,0.8,5.2,1.0,16.925
JEAN-GABRIEL PAGEAU,,,F,NA,0.45,0.8,5.2,1.0,16.925
SCOTT MAYFIELD,,,F,NA,0.45,0.8,5.2,1.0,16.925
ADAM PELECH,,,F,NA,0.45,0.8,5.2,1.0,16.925
ANTHONY DUCLAIR,,,F,NA,0.45,0.8,5.2,1.0,16.925
JONATHAN DROUIN,,,F,NA,0.45,0.8,5.2,1.0,16.925
BO HORVAT,,,F,NA,0.45,0.8,5.2,1.0,16.925
RYAN PULOCK,,,F,NA,0.45,0.8,5.2,1.0,16.925
TONY DEANGELO,,,F,NA,0.45,0.8,5.2,1.0,16.925
MATHEW BARZAL,,,F,NA,0.45,0.8,5.2,1.0,16.925
ADAM BOQVIST,,,F,NA,0.45,0.8,5.2,1.0,16.925
ALEXANDER ROMANOV,,,F,NA,0.45,0.8,5.2,1.0,16.925
KYLE MACLEAN,,,F,NA,0.45,0.8,5.2,1.0,16.925
MARSHALL WARREN,,,F,NA,0.45,0.8,5.2,1.0,16.925
SIMON HOLMSTROM,,,F,NA,0.45,0.8,5.2,1.0,16.925
EMIL HEINEMAN,,,F,NA,0.45,0.8,5.2,1.0,16.925
MARC GATCOMB,,,F,NA,0.45,0.8,5.2,1.0,16.925
CALUM RITCHIE,,,F,NA,0.45,0.8,5.2,1.0,16.925
MAXIM TSYPLAKOV,,,F,NA,0.45,0.8,5.2,1.0,16.925
MATTHEW SCHAEFER,,,F,NA,0.45,0.8,5.2,1.0,16.925
MAX SHABANOV,,,F,NA,0.45,0.8,5.2,1.0,16.925
KYLE PALMIERI,,,F,NA,0.45,0.8,5.2,1.0,16.925
CASEY CIZIKAS,,,F,NA,0.45,0.8,5.2,1.0,16.925
ANDERS LEE,,,F,NA,0.45,0.8,5.2,1.0,16.925
JEAN-GABRIEL PAGEAU,,,F,NA,0.45,0.8,5.2,1.0,16.925
SCOTT MAYFIELD,,,F,NA,0.45,0.8,5.2,1.0,16.925
ADAM PELECH,,,F,NA,0.45,0.8,5.2,1.0,16.925
ANTHONY DUCLAIR,,,F,NA,0.45,0.8,5.2,1.0,16.925
JONATHAN DROUIN,,,F,NA,0.45,0.8,5.2,1.0,16.925
BO HORVAT,,,F,NA,0.45,0.8,5.2,1.0,16.925
RYAN PULOCK,,,F,NA,0.45,0.8,5.2,1.0,16.925
TONY DEANGELO,,,F,NA,0.45,0.8,5.2,1.0,16.925
MATHEW BARZAL,,,F,NA,0.45,0.8,5.2,1.0,16.925
ADAM BOQVIST,,,F,NA,0.45,0.8,5.2,1.0,16.925
ALEXANDER ROMANOV,,,F,NA,0.45,0.8,5.2,1.0,16.925
KYLE MACLEAN,,,F,NA,0.45,0.8,5.2,1.0,16.925
MARSHALL WARREN,,,F,NA,0.45,0.8,5.2,1.0,16.925
SIMON HOLMSTROM,,,F,NA,0.45,0.8,5.2,1.0,16.925
EMIL HEINEMAN,,,F,NA,0.45,0.8,5.2,1.0,16.925
MARC GATCOMB,,,F,NA,0.45,0.8,5.2,1.0,16.925
CALUM RITCHIE,,,F,NA,0.45,0.8,5.2,1.0,16.925
MAXIM TSYPLAKOV,,,F,NA,0.45,0.8,5.2,1.0,16.925
MATTHEW SCHAEFER,,,F,NA,0.45,0.8,5.2,1.0,16.925
MAX SHABANOV,,,F,NA,0.45,0.8,5.2,1.0,16.925
JONATHAN TOEWS,,,F,NA,0.45,0.8,5.2,1.0,16.925
LUKE SCHENN,,,F,NA,0.45,0.8,5.2,1.0,16.925
GUSTAV NYQUIST,,,F,NA,0.45,0.8,5.2,1.0,16.925
NINO NIEDERREITER,,,F,NA,0.45,0.8,5.2,1.0,16.925
DYLAN DEMELO,,,F,NA,0.45,0.8,5.2,1.0,16.925
ADAM LOWRY,,,F,NA,0.45,0.8,5.2,1.0,16.925
MARK SCHEIFELE,,,F,NA,0.45,0.8,5.2,1.0,16.925
VLADISLAV NAMESTNIKOV,,,F,NA,0.45,0.8,5.2,1.0,16.925
COLIN MILLER,,,F,NA,0.45,0.8,5.2,1.0,16.925
TANNER PEARSON,,,F,NA,0.45,0.8,5.2,1.0,16.925
JOSH MORRISSEY,,,F,NA,0.45,0.8,5.2,1.0,16.925
HAYDN FLEURY,,,F,NA,0.45,0.8,5.2,1.0,16.925
KYLE CONNOR,,,F,NA,0.45,0.8,5.2,1.0,16.925
LOGAN STANLEY,,,F,NA,0.45,0.8,5.2,1.0,16.925
GABRIEL VILARDI,,,F,NA,0.45,0.8,5.2,1.0,16.925
DYLAN SAMBERG,,,F,NA,0.45,0.8,5.2,1.0,16.925
ALEX IAFALLO,,,F,NA,0.45,0.8,5.2,1.0,16.925
NEAL PIONK,,,F,NA,0.45,0.8,5.2,1.0,16.925
MORGAN BARRON,,,F,NA,0.45,0.8,5.2,1.0,16.925
COLE KOEPKE,,,F,NA,0.45,0.8,5.2,1.0,16.925
COLE PERFETTI,,,F,NA,0.45,0.8,5.2,1.0,16.925
NIKITA CHIBRIKOV,,,F,NA,0.45,0.8,5.2,1.0,16.925
BRAD LAMBERT,,,F,NA,0.45,0.8,5.2,1.0,16.925
PARKER FORD,,,F,NA,0.45,0.8,5.2,1.0,16.925
JONATHAN TOEWS,,,F,NA,0.45,0.8,5.2,1.0,16.925
LUKE SCHENN,,,F,NA,0.45,0.8,5.2,1.0,16.925
GUSTAV NYQUIST,,,F,NA,0.45,0.8,5.2,1.0,16.925
NINO NIEDERREITER,,,F,NA,0.45,0.8,5.2,1.0,16.925
DYLAN DEMELO,,,F,NA,0.45,0.8,5.2,1.0,16.925
ADAM LOWRY,,,F,NA,0.45,0.8,5.2,1.0,16.925
MARK SCHEIFELE,,,F,NA,0.45,0.8,5.2,1.0,16.925
VLADISLAV NAMESTNIKOV,,,F,NA,0.45,0.8,5.2,1.0,16.925
COLIN MILLER,,,F,NA,0.45,0.8,5.2,1.0,16.925
TANNER PEARSON,,,F,NA,0.45,0.8,5.2,1.0,16.925
JOSH MORRISSEY,,,F,NA,0.45,0.8,5.2,1.0,16.925
HAYDN FLEURY,,,F,NA,0.45,0.8,5.2,1.0,16.925
KYLE CONNOR,,,F,NA,0.45,0.8,5.2,1.0,16.925
LOGAN STANLEY,,,F,NA,0.45,0.8,5.2,1.0,16.925
GABRIEL VILARDI,,,F,NA,0.45,0.8,5.2,1.0,16.925
DYLAN SAMBERG,,,F,NA,0.45,0.8,5.2,1.0,16.925
ALEX IAFALLO,,,F,NA,0.45,0.8,5.2,1.0,16.925
NEAL PIONK,,,F,NA,0.45,0.8,5.2,1.0,16.925
MORGAN BARRON,,,F,NA,0.45,0.8,5.2,1.0,16.925
COLE KOEPKE,,,F,NA,0.45,0.8,5.2,1.0,16.925
COLE PERFETTI,,,F,NA,0.45,0.8,5.2,1.0,16.925
NIKITA CHIBRIKOV,,,F,NA,0.45,0.8,5.2,1.0,16.925
BRAD LAMBERT,,,F,NA,0.45,0.8,5.2,1.0,16.925
PARKER FORD,,,F,NA,0.45,0.8,5.2,1.0,16.925
NICK FOLIGNO,,,F,NA,0.45,0.8,5.2,1.0,16.925
CONNOR MURPHY,,,F,NA,0.45,0.8,5.2,1.0,16.925
TEUVO TERAVAINEN,,,F,NA,0.45,0.8,5.2,1.0,16.925
MATT GRZELCYK,,,F,NA,0.45,0.8,5.2,1.0,16.925
ANDRE BURAKOVSKY,,,F,NA,0.45,0.8,5.2,1.0,16.925
JASON DICKINSON,,,F,NA,0.45,0.8,5.2,1.0,16.925
TYLER BERTUZZI,,,F,NA,0.45,0.8,5.2,1.0,16.925
RYAN DONATO,,,F,NA,0.45,0.8,5.2,1.0,16.925
SAM LAFFERTY,,,F,NA,0.45,0.8,5.2,1.0,16.925
ALEX VLASIC,,,F,NA,0.45,0.8,5.2,1.0,16.925
ILYA MIKHEYEV,,,F,NA,0.45,0.8,5.2,1.0,16.925
LOUIS CREVIER,,,F,NA,0.45,0.8,5.2,1.0,16.925
LUKAS REICHEL,,,F,NA,0.45,0.8,5.2,1.0,16.925
LANDON SLAGGERT,,,F,NA,0.45,0.8,5.2,1.0,16.925
WYATT KAISER,,,F,NA,0.45,0.8,5.2,1.0,16.925
COLTON DACH,,,F,NA,0.45,0.8,5.2,1.0,16.925
ETHAN DEL MASTRO,,,F,NA,0.45,0.8,5.2,1.0,16.925
RYAN GREENE,,,F,NA,0.45,0.8,5.2,1.0,16.925
FRANK NAZAR,,,F,NA,0.45,0.8,5.2,1.0,16.925
SAM RINZEL,,,F,NA,0.45,0.8,5.2,1.0,16.925
CONNOR BEDARD,,,F,NA,0.45,0.8,5.2,1.0,16.925
OLIVER MOORE,,,F,NA,0.45,0.8,5.2,1.0,16.925
ARTYOM LEVSHUNOV,,,F,NA,0.45,0.8,5.2,1.0,16.925
NICK FOLIGNO,,,F,NA,0.45,0.8,5.2,1.0,16.925
CONNOR MURPHY,,,F,NA,0.45,0.8,5.2,1.0,16.925
TEUVO TERAVAINEN,,,F,NA,0.45,0.8,5.2,1.0,16.925
MATT GRZELCYK,,,F,NA,0.45,0.8,5.2,1.0,16.925
ANDRE BURAKOVSKY,,,F,NA,0.45,0.8,5.2,1.0,16.925
JASON DICKINSON,,,F,NA,0.45,0.8,5.2,1.0,16.925
TYLER BERTUZZI,,,F,NA,0.45,0.8,5.2,1.0,16.925
RYAN DONATO,,,F,NA,0.45,0.8,5.2,1.0,16.925
SAM LAFFERTY,,,F,NA,0.45,0.8,5.2,1.0,16.925
ALEX VLASIC,,,F,NA,0.45,0.8,5.2,1.0,16.925
ILYA MIKHEYEV,,,F,NA,0.45,0.8,5.2,1.0,16.925
LOUIS CREVIER,,,F,NA,0.45,0.8,5.2,1.0,16.925
LUKAS REICHEL,,,F,NA,0.45,0.8,5.2,1.0,16.925
LANDON SLAGGERT,,,F,NA,0.45,0.8,5.2,1.0,16.925
WYATT KAISER,,,F,NA,0.45,0.8,5.2,1.0,16.925
COLTON DACH,,,F,NA,0.45,0.8,5.2,1.0,16.925
ETHAN DEL MASTRO,,,F,NA,0.45,0.8,5.2,1.0,16.925
RYAN GREENE,,,F,NA,0.45,0.8,5.2,1.0,16.925
FRANK NAZAR,,,F,NA,0.45,0.8,5.2,1.0,16.925
SAM RINZEL,,,F,NA,0.45,0.8,5.2,1.0,16.925
CONNOR BEDARD,,,F,NA,0.45,0.8,5.2,1.0,16.925
OLIVER MOORE,,,F,NA,0.45,0.8,5.2,1.0,16.925
ARTYOM LEVSHUNOV,,,F,NA,0.45,0.8,5.2,1.0,16.925
MIKAEL BACKLUND,,,F,NA,0.45,0.8,5.2,1.0,16.925
NAZEM KADRI,,,F,NA,0.45,0.8,5.2,1.0,16.925
BLAKE COLEMAN,,,F,NA,0.45,0.8,5.2,1.0,16.925
JONATHAN HUBERDEAU,,,F,NA,0.45,0.8,5.2,1.0,16.925
MACKENZIE WEEGAR,,,F,NA,0.45,0.8,5.2,1.0,16.925
JOEL HANLEY,,,F,NA,0.45,0.8,5.2,1.0,16.925
JUSTIN KIRKLAND,,,F,NA,0.45,0.8,5.2,1.0,16.925
RASMUS ANDERSSON,,,F,NA,0.45,0.8,5.2,1.0,16.925
RYAN LOMBERG,,,F,NA,0.45,0.8,5.2,1.0,16.925
JAKE BEAN,,,F,NA,0.45,0.8,5.2,1.0,16.925
MORGAN FROST,,,F,NA,0.45,0.8,5.2,1.0,16.925
JOEL FARABEE,,,F,NA,0.45,0.8,5.2,1.0,16.925
KEVIN BAHL,,,F,NA,0.45,0.8,5.2,1.0,16.925
YEGOR SHARANGOVICH,,,F,NA,0.45,0.8,5.2,1.0,16.925
BRAYDEN PACHAL,,,F,NA,0.45,0.8,5.2,1.0,16.925
CONNOR ZARY,,,F,NA,0.45,0.8,5.2,1.0,16.925
YAN KUZNETSOV,,,F,NA,0.45,0.8,5.2,1.0,16.925
RORY KERINS,,,F,NA,0.45,0.8,5.2,1.0,16.925
DANIIL MIROMANOV,,,F,NA,0.45,0.8,5.2,1.0,16.925
MATT CORONATO,,,F,NA,0.45,0.8,5.2,1.0,16.925
ADAM KLAPKA,,,F,NA,0.45,0.8,5.2,1.0,16.925
SAMUEL HONZEK,,,F,NA,0.45,0.8,5.2,1.0,16.925
ZAYNE PAREKH,,,F,NA,0.45,0.8,5.2,1.0,16.925
MATVEI GRIDIN,,,F,NA,0.45,0.8,5.2,1.0,16.925
MIKAEL BACKLUND,,,F,NA,0.45,0.8,5.2,1.0,16.925
NAZEM KADRI,,,F,NA,0.45,0.8,5.2,1.0,16.925
BLAKE COLEMAN,,,F,NA,0.45,0.8,5.2,1.0,16.925
JONATHAN HUBERDEAU,,,F,NA,0.45,0.8,5.2,1.0,16.925
MACKENZIE WEEGAR,,,F,NA,0.45,0.8,5.2,1.0,16.925
JOEL HANLEY,,,F,NA,0.45,0.8,5.2,1.0,16.925
JUSTIN KIRKLAND,,,F,NA,0.45,0.8,5.2,1.0,16.925
RASMUS ANDERSSON,,,F,NA,0.45,0.8,5.2,1.0,16.925
RYAN LOMBERG,,,F,NA,0.45,0.8,5.2,1.0,16.925
JAKE BEAN,,,F,NA,0.45,0.8,5.2,1.0,16.925
MORGAN FROST,,,F,NA,0.45,0.8,5.2,1.0,16.925
JOEL FARABEE,,,F,NA,0.45,0.8,5.2,1.0,16.925
KEVIN BAHL,,,F,NA,0.45,0.8,5.2,1.0,16.925
YEGOR SHARANGOVICH,,,F,NA,0.45,0.8,5.2,1.0,16.925
BRAYDEN PACHAL,,,F,NA,0.45,0.8,5.2,1.0,16.925
CONNOR ZARY,,,F,NA,0.45,0.8,5.2,1.0,16.925
YAN KUZNETSOV,,,F,NA,0.45,0.8,5.2,1.0,16.925
RORY KERINS,,,F,NA,0.45,0.8,5.2,1.0,16.925
DANIIL MIROMANOV,,,F,NA,0.45,0.8,5.2,1.0,16.925
MATT CORONATO,,,F,NA,0.45,0.8,5.2,1.0,16.925
ADAM KLAPKA,,,F,NA,0.45,0.8,5.2,1.0,16.925
SAMUEL HONZEK,,,F,NA,0.45,0.8,5.2,1.0,16.925
ZAYNE PAREKH,,,F,NA,0.45,0.8,5.2,1.0,16.925
MATVEI GRIDIN,,,F,NA,0.45,0.8,5.2,1.0,16.925
BRAYDEN MCNABB,,,F,NA,0.45,0.8,5.2,1.0,16.925
REILLY SMITH,,,F,NA,0.45,0.8,5.2,1.0,16.925
MARK STONE,,,F,NA,0.45,0.8,5.2,1.0,16.925
BRANDON SAAD,,,F,NA,0.45,0.8,5.2,1.0,16.925
WILLIAM KARLSSON,,,F,NA,0.45,0.8,5.2,1.0,16.925
TOMAS HERTL,,,F,NA,0.45,0.8,5.2,1.0,16.925
COLTON SISSONS,,,F,NA,0.45,0.8,5.2,1.0,16.925
BEN HUTTON,,,F,NA,0.45,0.8,5.2,1.0,16.925
SHEA THEODORE,,,F,NA,0.45,0.8,5.2,1.0,16.925
IVAN BARBASHEV,,,F,NA,0.45,0.8,5.2,1.0,16.925
NOAH HANIFIN,,,F,NA,0.45,0.8,5.2,1.0,16.925
JACK EICHEL,,,F,NA,0.45,0.8,5.2,1.0,16.925
KEEGAN KOLESAR,,,F,NA,0.45,0.8,5.2,1.0,16.925
JEREMY LAUZON,,,F,NA,0.45,0.8,5.2,1.0,16.925
MITCH MARNER,,,F,NA,0.45,0.8,5.2,1.0,16.925
BRETT HOWDEN,,,F,NA,0.45,0.8,5.2,1.0,16.925
ZACH WHITECLOUD,,,F,NA,0.45,0.8,5.2,1.0,16.925
COLE REINHARDT,,,F,NA,0.45,0.8,5.2,1.0,16.925
KAEDAN KORCZAK,,,F,NA,0.45,0.8,5.2,1.0,16.925
PAVEL DOROFEYEV,,,F,NA,0.45,0.8,5.2,1.0,16.925
ALEXANDER HOLTZ,,,F,NA,0.45,0.8,5.2,1.0,16.925
BRAEDEN BOWMAN,,,F,NA,0.45,0.8,5.2,1.0,16.925
BRAYDEN MCNABB,,,F,NA,0.45,0.8,5.2,1.0,16.925
REILLY SMITH,,,F,NA,0.45,0.8,5.2,1.0,16.925
MARK STONE,,,F,NA,0.45,0.8,5.2,1.0,16.925
BRANDON SAAD,,,F,NA,0.45,0.8,5.2,1.0,16.925
WILLIAM KARLSSON,,,F,NA,0.45,0.8,5.2,1.0,16.925
TOMAS HERTL,,,F,NA,0.45,0.8,5.2,1.0,16.925
COLTON SISSONS,,,F,NA,0.45,0.8,5.2,1.0,16.925
BEN HUTTON,,,F,NA,0.45,0.8,5.2,1.0,16.925
SHEA THEODORE,,,F,NA,0.45,0.8,5.2,1.0,16.925
IVAN BARBASHEV,,,F,NA,0.45,0.8,5.2,1.0,16.925
NOAH HANIFIN,,,F,NA,0.45,0.8,5.2,1.0,16.925
JACK EICHEL,,,F,NA,0.45,0.8,5.2,1.0,16.925
KEEGAN KOLESAR,,,F,NA,0.45,0.8,5.2,1.0,16.925
JEREMY LAUZON,,,F,NA,0.45,0.8,5.2,1.0,16.925
MITCH MARNER,,,F,NA,0.45,0.8,5.2,1.0,16.925
BRETT HOWDEN,,,F,NA,0.45,0.8,5.2,1.0,16.925
ZACH WHITECLOUD,,,F,NA,0.45,0.8,5.2,1.0,16.925
COLE REINHARDT,,,F,NA,0.45,0.8,5.2,1.0,16.925
KAEDAN KORCZAK,,,F,NA,0.45,0.8,5.2,1.0,16.925
PAVEL DOROFEYEV,,,F,NA,0.45,0.8,5.2,1.0,16.925
ALEXANDER HOLTZ,,,F,NA,0.45,0.8,5.2,1.0,16.925
BRAEDEN BOWMAN,,,F,NA,0.45,0.8,5.2,1.0,16.925
SAM CARRICK,,,F,NA,0.45,0.8,5.2,1.0,16.925
VINCENT TROCHECK,,,F,NA,0.45,0.8,5.2,1.0,16.925
MIKA ZIBANEJAD,,,F,NA,0.45,0.8,5.2,1.0,16.925
J T MILLER,,,F,NA,0.45,0.8,5.2,1.0,16.925
CARSON SOUCY,,,F,NA,0.45,0.8,5.2,1.0,16.925
JONNY BRODZINSKI,,,F,NA,0.45,0.8,5.2,1.0,16.925
CONOR SHEARY,,,F,NA,0.45,0.8,5.2,1.0,16.925
ARTEMI PANARIN,,,F,NA,0.45,0.8,5.2,1.0,16.925
WILL BORGEN,,,F,NA,0.45,0.8,5.2,1.0,16.925
VLADISLAV GAVRIKOV,,,F,NA,0.45,0.8,5.2,1.0,16.925
ADAM FOX,,,F,NA,0.45,0.8,5.2,1.0,16.925
TAYLOR RADDYSH,,,F,NA,0.45,0.8,5.2,1.0,16.925
URHO VAAKANAINEN,,,F,NA,0.45,0.8,5.2,1.0,16.925
MATTHEW ROBERTSON,,,F,NA,0.45,0.8,5.2,1.0,16.925
JUUSO PARSSINEN,,,F,NA,0.45,0.8,5.2,1.0,16.925
ADAM EDSTROM,,,F,NA,0.45,0.8,5.2,1.0,16.925
BRADEN SCHNEIDER,,,F,NA,0.45,0.8,5.2,1.0,16.925
ALEXIS LAFRENI RE,,,F,NA,0.45,0.8,5.2,1.0,16.925
WILL CUYLLE,,,F,NA,0.45,0.8,5.2,1.0,16.925
MATT REMPE,,,F,NA,0.45,0.8,5.2,1.0,16.925
SCOTT MORROW,,,F,NA,0.45,0.8,5.2,1.0,16.925
BRENNAN OTHMANN,,,F,NA,0.45,0.8,5.2,1.0,16.925
JAROSLAV CHMELAR,,,F,NA,0.45,0.8,5.2,1.0,16.925
NOAH LABA,,,F,NA,0.45,0.8,5.2,1.0,16.925
GABE PERREAULT,,,F,NA,0.45,0.8,5.2,1.0,16.925
SAM CARRICK,,,F,NA,0.45,0.8,5.2,1.0,16.925
VINCENT TROCHECK,,,F,NA,0.45,0.8,5.2,1.0,16.925
MIKA ZIBANEJAD,,,F,NA,0.45,0.8,5.2,1.0,16.925
J T MILLER,,,F,NA,0.45,0.8,5.2,1.0,16.925
CARSON SOUCY,,,F,NA,0.45,0.8,5.2,1.0,16.925
JONNY BRODZINSKI,,,F,NA,0.45,0.8,5.2,1.0,16.925
CONOR SHEARY,,,F,NA,0.45,0.8,5.2,1.0,16.925
ARTEMI PANARIN,,,F,NA,0.45,0.8,5.2,1.0,16.925
WILL BORGEN,,,F,NA,0.45,0.8,5.2,1.0,16.925
VLADISLAV GAVRIKOV,,,F,NA,0.45,0.8,5.2,1.0,16.925
ADAM FOX,,,F,NA,0.45,0.8,5.2,1.0,16.925
TAYLOR RADDYSH,,,F,NA,0.45,0.8,5.2,1.0,16.925
URHO VAAKANAINEN,,,F,NA,0.45,0.8,5.2,1.0,16.925
MATTHEW ROBERTSON,,,F,NA,0.45,0.8,5.2,1.0,16.925
JUUSO PARSSINEN,,,F,NA,0.45,0.8,5.2,1.0,16.925
ADAM EDSTROM,,,F,NA,0.45,0.8,5.2,1.0,16.925
BRADEN SCHNEIDER,,,F,NA,0.45,0.8,5.2,1.0,16.925
ALEXIS LAFRENI RE,,,F,NA,0.45,0.8,5.2,1.0,16.925
WILL CUYLLE,,,F,NA,0.45,0.8,5.2,1.0,16.925
MATT REMPE,,,F,NA,0.45,0.8,5.2,1.0,16.925
SCOTT MORROW,,,F,NA,0.45,0.8,5.2,1.0,16.925
BRENNAN OTHMANN,,,F,NA,0.45,0.8,5.2,1.0,16.925
JAROSLAV CHMELAR,,,F,NA,0.45,0.8,5.2,1.0,16.925
NOAH LABA,,,F,NA,0.45,0.8,5.2,1.0,16.925
GABE PERREAULT,,,F,NA,0.45,0.8,5.2,1.0,16.925
ZACH BOGOSIAN,,,F,NA,0.45,0.8,5.2,1.0,16.925
JARED SPURGEON,,,F,NA,0.45,0.8,5.2,1.0,16.925
MARCUS JOHANSSON,,,F,NA,0.45,0.8,5.2,1.0,16.925
MARCUS FOLIGNO,,,F,NA,0.45,0.8,5.2,1.0,16.925
MATS ZUCCARELLO,,,F,NA,0.45,0.8,5.2,1.0,16.925
TYLER PITLICK,,,F,NA,0.45,0.8,5.2,1.0,16.925
VLADIMIR TARASENKO,,,F,NA,0.45,0.8,5.2,1.0,16.925
JONAS BRODIN,,,F,NA,0.45,0.8,5.2,1.0,16.925
VINNIE HINOSTROZA,,,F,NA,0.45,0.8,5.2,1.0,16.925
RYAN HARTMAN,,,F,NA,0.45,0.8,5.2,1.0,16.925
JAKE MIDDLETON,,,F,NA,0.45,0.8,5.2,1.0,16.925
JOEL ERIKSSON EK,,,F,NA,0.45,0.8,5.2,1.0,16.925
YAKOV TRENIN,,,F,NA,0.45,0.8,5.2,1.0,16.925
KIRILL KAPRIZOV,,,F,NA,0.45,0.8,5.2,1.0,16.925
BEN JONES,,,F,NA,0.45,0.8,5.2,1.0,16.925
MATT BOLDY,,,F,NA,0.45,0.8,5.2,1.0,16.925
MARCO ROSSI,,,F,NA,0.45,0.8,5.2,1.0,16.925
DAEMON HUNT,,,F,NA,0.45,0.8,5.2,1.0,16.925
BROCK FABER,,,F,NA,0.45,0.8,5.2,1.0,16.925
HUNTER HAIGHT,,,F,NA,0.45,0.8,5.2,1.0,16.925
DAVID JIRICEK,,,F,NA,0.45,0.8,5.2,1.0,16.925
LIAM OHGREN,,,F,NA,0.45,0.8,5.2,1.0,16.925
DANILA YUROV,,,F,NA,0.45,0.8,5.2,1.0,16.925
ZEEV BUIUM,,,F,NA,0.45,0.8,5.2,1.0,16.925
ZACH BOGOSIAN,,,F,NA,0.45,0.8,5.2,1.0,16.925
JARED SPURGEON,,,F,NA,0.45,0.8,5.2,1.0,16.925
MARCUS JOHANSSON,,,F,NA,0.45,0.8,5.2,1.0,16.925
MARCUS FOLIGNO,,,F,NA,0.45,0.8,5.2,1.0,16.925
MATS ZUCCARELLO,,,F,NA,0.45,0.8,5.2,1.0,16.925
TYLER PITLICK,,,F,NA,0.45,0.8,5.2,1.0,16.925
VLADIMIR TARASENKO,,,F,NA,0.45,0.8,5.2,1.0,16.925
JONAS BRODIN,,,F,NA,0.45,0.8,5.2,1.0,16.925
VINNIE HINOSTROZA,,,F,NA,0.45,0.8,5.2,1.0,16.925
RYAN HARTMAN,,,F,NA,0.45,0.8,5.2,1.0,16.925
JAKE MIDDLETON,,,F,NA,0.45,0.8,5.2,1.0,16.925
JOEL ERIKSSON EK,,,F,NA,0.45,0.8,5.2,1.0,16.925
YAKOV TRENIN,,,F,NA,0.45,0.8,5.2,1.0,16.925
KIRILL KAPRIZOV,,,F,NA,0.45,0.8,5.2,1.0,16.925
BEN JONES,,,F,NA,0.45,0.8,5.2,1.0,16.925
MATT BOLDY,,,F,NA,0.45,0.8,5.2,1.0,16.925
MARCO ROSSI,,,F,NA,0.45,0.8,5.2,1.0,16.925
DAEMON HUNT,,,F,NA,0.45,0.8,5.2,1.0,16.925
BROCK FABER,,,F,NA,0.45,0.8,5.2,1.0,16.925
HUNTER HAIGHT,,,F,NA,0.45,0.8,5.2,1.0,16.925
DAVID JIRICEK,,,F,NA,0.45,0.8,5.2,1.0,16.925
LIAM OHGREN,,,F,NA,0.45,0.8,5.2,1.0,16.925
DANILA YUROV,,,F,NA,0.45,0.8,5.2,1.0,16.925
ZEEV BUIUM,,,F,NA,0.45,0.8,5.2,1.0,16.925
NICOLAS DESLAURIERS,,,F,NA,0.45,0.8,5.2,1.0,16.925
NICK SEELER,,,F,NA,0.45,0.8,5.2,1.0,16.925
SEAN COUTURIER,,,F,NA,0.45,0.8,5.2,1.0,16.925
GARNET HATHAWAY,,,F,NA,0.45,0.8,5.2,1.0,16.925
TRAVIS SANHEIM,,,F,NA,0.45,0.8,5.2,1.0,16.925
CHRISTIAN DVORAK,,,F,NA,0.45,0.8,5.2,1.0,16.925
TRAVIS KONECNY,,,F,NA,0.45,0.8,5.2,1.0,16.925
NOAH JUULSEN,,,F,NA,0.45,0.8,5.2,1.0,16.925
RODRIGO ABOLS,,,F,NA,0.45,0.8,5.2,1.0,16.925
CARL GRUNDSTROM,,,F,NA,0.45,0.8,5.2,1.0,16.925
OWEN TIPPETT,,,F,NA,0.45,0.8,5.2,1.0,16.925
NOAH CATES,,,F,NA,0.45,0.8,5.2,1.0,16.925
ADAM GINNING,,,F,NA,0.45,0.8,5.2,1.0,16.925
EGOR ZAMULA,,,F,NA,0.45,0.8,5.2,1.0,16.925
TREVOR ZEGRAS,,,F,NA,0.45,0.8,5.2,1.0,16.925
CAM YORK,,,F,NA,0.45,0.8,5.2,1.0,16.925
BOBBY BRINK,,,F,NA,0.45,0.8,5.2,1.0,16.925
JACOB GAUCHER,,,F,NA,0.45,0.8,5.2,1.0,16.925
EMIL ANDRAE,,,F,NA,0.45,0.8,5.2,1.0,16.925
JAMIE DRYSDALE,,,F,NA,0.45,0.8,5.2,1.0,16.925
TYSON FOERSTER,,,F,NA,0.45,0.8,5.2,1.0,16.925
NIKITA GREBENKIN,,,F,NA,0.45,0.8,5.2,1.0,16.925
MATVEI MICHKOV,,,F,NA,0.45,0.8,5.2,1.0,16.925
JETT LUCHANKO,,,F,NA,0.45,0.8,5.2,1.0,16.925
NICOLAS DESLAURIERS,,,F,NA,0.45,0.8,5.2,1.0,16.925
NICK SEELER,,,F,NA,0.45,0.8,5.2,1.0,16.925
SEAN COUTURIER,,,F,NA,0.45,0.8,5.2,1.0,16.925
GARNET HATHAWAY,,,F,NA,0.45,0.8,5.2,1.0,16.925
TRAVIS SANHEIM,,,F,NA,0.45,0.8,5.2,1.0,16.925
CHRISTIAN DVORAK,,,F,NA,0.45,0.8,5.2,1.0,16.925
TRAVIS KONECNY,,,F,NA,0.45,0.8,5.2,1.0,16.925
NOAH JUULSEN,,,F,NA,0.45,0.8,5.2,1.0,16.925
RODRIGO ABOLS,,,F,NA,0.45,0.8,5.2,1.0,16.925
CARL GRUNDSTROM,,,F,NA,0.45,0.8,5.2,1.0,16.925
OWEN TIPPETT,,,F,NA,0.45,0.8,5.2,1.0,16.925
NOAH CATES,,,F,NA,0.45,0.8,5.2,1.0,16.925
ADAM GINNING,,,F,NA,0.45,0.8,5.2,1.0,16.925
EGOR ZAMULA,,,F,NA,0.45,0.8,5.2,1.0,16.925
TREVOR ZEGRAS,,,F,NA,0.45,0.8,5.2,1.0,16.925
CAM YORK,,,F,NA,0.45,0.8,5.2,1.0,16.925
BOBBY BRINK,,,F,NA,0.45,0.8,5.2,1.0,16.925
JACOB GAUCHER,,,F,NA,0.45,0.8,5.2,1.0,16.925
EMIL ANDRAE,,,F,NA,0.45,0.8,5.2,1.0,16.925
JAMIE DRYSDALE,,,F,NA,0.45,0.8,5.2,1.0,16.925
TYSON FOERSTER,,,F,NA,0.45,0.8,5.2,1.0,16.925
NIKITA GREBENKIN,,,F,NA,0.45,0.8,5.2,1.0,16.925
MATVEI MICHKOV,,,F,NA,0.45,0.8,5.2,1.0,16.925
JETT LUCHANKO,,,F,NA,0.45,0.8,5.2,1.0,16.925
BRENT BURNS,,,F,NA,0.45,0.8,5.2,1.0,16.925
BROCK NELSON,,,F,NA,0.45,0.8,5.2,1.0,16.925
JOSH MANSON,,,F,NA,0.45,0.8,5.2,1.0,16.925
GABRIEL LANDESKOG,,,F,NA,0.45,0.8,5.2,1.0,16.925
ARTTURI LEHKONEN,,,F,NA,0.45,0.8,5.2,1.0,16.925
NATHAN MACKINNON,,,F,NA,0.45,0.8,5.2,1.0,16.925
VALERI NICHUSHKIN,,,F,NA,0.45,0.8,5.2,1.0,16.925
DEVON TOEWS,,,F,NA,0.45,0.8,5.2,1.0,16.925
VICTOR OLOFSSON,,,F,NA,0.45,0.8,5.2,1.0,16.925
SAMUEL GIRARD,,,F,NA,0.45,0.8,5.2,1.0,16.925
ROSS COLTON,,,F,NA,0.45,0.8,5.2,1.0,16.925
MARTIN NECAS,,,F,NA,0.45,0.8,5.2,1.0,16.925
CALE MAKAR,,,F,NA,0.45,0.8,5.2,1.0,16.925
PARKER KELLY,,,F,NA,0.45,0.8,5.2,1.0,16.925
JACK DRURY,,,F,NA,0.45,0.8,5.2,1.0,16.925
JOEL KIVIRANTA,,,F,NA,0.45,0.8,5.2,1.0,16.925
JACK AHCAN,,,F,NA,0.45,0.8,5.2,1.0,16.925
ILYA SOLOVYOV,,,F,NA,0.45,0.8,5.2,1.0,16.925
ZAKHAR BARDAKOV,,,F,NA,0.45,0.8,5.2,1.0,16.925
TAYLOR MAKAR,,,F,NA,0.45,0.8,5.2,1.0,16.925
TRISTEN NIELSEN,,,F,NA,0.45,0.8,5.2,1.0,16.925
GAVIN BRINDLEY,,,F,NA,0.45,0.8,5.2,1.0,16.925
SAM MALINSKI,,,F,NA,0.45,0.8,5.2,1.0,16.925
BRENT BURNS,,,F,NA,0.45,0.8,5.2,1.0,16.925
BROCK NELSON,,,F,NA,0.45,0.8,5.2,1.0,16.925
JOSH MANSON,,,F,NA,0.45,0.8,5.2,1.0,16.925
GABRIEL LANDESKOG,,,F,NA,0.45,0.8,5.2,1.0,16.925
ARTTURI LEHKONEN,,,F,NA,0.45,0.8,5.2,1.0,16.925
NATHAN MACKINNON,,,F,NA,0.45,0.8,5.2,1.0,16.925
VALERI NICHUSHKIN,,,F,NA,0.45,0.8,5.2,1.0,16.925
DEVON TOEWS,,,F,NA,0.45,0.8,5.2,1.0,16.925
VICTOR OLOFSSON,,,F,NA,0.45,0.8,5.2,1.0,16.925
SAMUEL GIRARD,,,F,NA,0.45,0.8,5.2,1.0,16.925
ROSS COLTON,,,F,NA,0.45,0.8,5.2,1.0,16.925
MARTIN NECAS,,,F,NA,0.45,0.8,5.2,1.0,16.925
CALE MAKAR,,,F,NA,0.45,0.8,5.2,1.0,16.925
PARKER KELLY,,,F,NA,0.45,0.8,5.2,1.0,16.925
JACK DRURY,,,F,NA,0.45,0.8,5.2,1.0,16.925
JOEL KIVIRANTA,,,F,NA,0.45,0.8,5.2,1.0,16.925
JACK AHCAN,,,F,NA,0.45,0.8,5.2,1.0,16.925
ILYA SOLOVYOV,,,F,NA,0.45,0.8,5.2,1.0,16.925
ZAKHAR BARDAKOV,,,F,NA,0.45,0.8,5.2,1.0,16.925
TAYLOR MAKAR,,,F,NA,0.45,0.8,5.2,1.0,16.925
TRISTEN NIELSEN,,,F,NA,0.45,0.8,5.2,1.0,16.925
GAVIN BRINDLEY,,,F,NA,0.45,0.8,5.2,1.0,16.925
SAM MALINSKI,,,F,NA,0.45,0.8,5.2,1.0,16.925
CLAUDE GIROUX,,,F,NA,0.45,0.8,5.2,1.0,16.925
DAVID PERRON,,,F,NA,0.45,0.8,5.2,1.0,16.925
LARS ELLER,,,F,NA,0.45,0.8,5.2,1.0,16.925
NICK JENSEN,,,F,NA,0.45,0.8,5.2,1.0,16.925
NICK COUSINS,,,F,NA,0.45,0.8,5.2,1.0,16.925
KURTIS MACDERMID,,,F,NA,0.45,0.8,5.2,1.0,16.925
MICHAEL AMADIO,,,F,NA,0.45,0.8,5.2,1.0,16.925
HAYDEN HODGSON,,,F,NA,0.45,0.8,5.2,1.0,16.925
THOMAS CHABOT,,,F,NA,0.45,0.8,5.2,1.0,16.925
FABIAN ZETTERLUND,,,F,NA,0.45,0.8,5.2,1.0,16.925
DRAKE BATHERSON,,,F,NA,0.45,0.8,5.2,1.0,16.925
OLLE LYCKSELL,,,F,NA,0.45,0.8,5.2,1.0,16.925
BRADY TKACHUK,,,F,NA,0.45,0.8,5.2,1.0,16.925
DYLAN COZENS,,,F,NA,0.45,0.8,5.2,1.0,16.925
ARTHUR KALIYEV,,,F,NA,0.45,0.8,5.2,1.0,16.925
SHANE PINTO,,,F,NA,0.45,0.8,5.2,1.0,16.925
JORDAN SPENCE,,,F,NA,0.45,0.8,5.2,1.0,16.925
RIDLY GREIG,,,F,NA,0.45,0.8,5.2,1.0,16.925
TYLER KLEVEN,,,F,NA,0.45,0.8,5.2,1.0,16.925
JAKE SANDERSON,,,F,NA,0.45,0.8,5.2,1.0,16.925
TIM ST TZLE,,,F,NA,0.45,0.8,5.2,1.0,16.925
DONOVAN SEBRANGO,,,F,NA,0.45,0.8,5.2,1.0,16.925
ARTEM ZUB,,,F,NA,0.45,0.8,5.2,1.0,16.925
NIKOLAS MATINPALO,,,F,NA,0.45,0.8,5.2,1.0,16.925
CLAUDE GIROUX,,,F,NA,0.45,0.8,5.2,1.0,16.925
DAVID PERRON,,,F,NA,0.45,0.8,5.2,1.0,16.925
LARS ELLER,,,F,NA,0.45,0.8,5.2,1.0,16.925
NICK JENSEN,,,F,NA,0.45,0.8,5.2,1.0,16.925
NICK COUSINS,,,F,NA,0.45,0.8,5.2,1.0,16.925
KURTIS MACDERMID,,,F,NA,0.45,0.8,5.2,1.0,16.925
MICHAEL AMADIO,,,F,NA,0.45,0.8,5.2,1.0,16.925
HAYDEN HODGSON,,,F,NA,0.45,0.8,5.2,1.0,16.925
THOMAS CHABOT,,,F,NA,0.45,0.8,5.2,1.0,16.925
FABIAN ZETTERLUND,,,F,NA,0.45,0.8,5.2,1.0,16.925
DRAKE BATHERSON,,,F,NA,0.45,0.8,5.2,1.0,16.925
OLLE LYCKSELL,,,F,NA,0.45,0.8,5.2,1.0,16.925
BRADY TKACHUK,,,F,NA,0.45,0.8,5.2,1.0,16.925
DYLAN COZENS,,,F,NA,0.45,0.8,5.2,1.0,16.925
ARTHUR KALIYEV,,,F,NA,0.45,0.8,5.2,1.0,16.925
SHANE PINTO,,,F,NA,0.45,0.8,5.2,1.0,16.925
JORDAN SPENCE,,,F,NA,0.45,0.8,5.2,1.0,16.925
RIDLY GREIG,,,F,NA,0.45,0.8,5.2,1.0,16.925
TYLER KLEVEN,,,F,NA,0.45,0.8,5.2,1.0,16.925
JAKE SANDERSON,,,F,NA,0.45,0.8,5.2,1.0,16.925
TIM ST TZLE,,,F,NA,0.45,0.8,5.2,1.0,16.925
DONOVAN SEBRANGO,,,F,NA,0.45,0.8,5.2,1.0,16.925
ARTEM ZUB,,,F,NA,0.45,0.8,5.2,1.0,16.925
NIKOLAS MATINPALO,,,F,NA,0.45,0.8,5.2,1.0,16.925
EVGENI MALKIN,,,F,NA,0.45,0.8,5.2,1.0,16.925
SIDNEY CROSBY,,,F,NA,0.45,0.8,5.2,1.0,16.925
KRIS LETANG,,,F,NA,0.45,0.8,5.2,1.0,16.925
ERIK KARLSSON,,,F,NA,0.45,0.8,5.2,1.0,16.925
KEVIN HAYES,,,F,NA,0.45,0.8,5.2,1.0,16.925
BRYAN RUST,,,F,NA,0.45,0.8,5.2,1.0,16.925
RICKARD RAKELL,,,F,NA,0.45,0.8,5.2,1.0,16.925
MATHEW DUMBA,,,F,NA,0.45,0.8,5.2,1.0,16.925
CONNOR CLIFTON,,,F,NA,0.45,0.8,5.2,1.0,16.925
RYAN GRAVES,,,F,NA,0.45,0.8,5.2,1.0,16.925
ANTHONY MANTHA,,,F,NA,0.45,0.8,5.2,1.0,16.925
DANTON HEINEN,,,F,NA,0.45,0.8,5.2,1.0,16.925
TOMMY NOVAK,,,F,NA,0.45,0.8,5.2,1.0,16.925
PARKER WOTHERSPOON,,,F,NA,0.45,0.8,5.2,1.0,16.925
CALEB JONES,,,F,NA,0.45,0.8,5.2,1.0,16.925
NOEL ACCIARI,,,F,NA,0.45,0.8,5.2,1.0,16.925
RYAN SHEA,,,F,NA,0.45,0.8,5.2,1.0,16.925
JOONA KOPPANEN,,,F,NA,0.45,0.8,5.2,1.0,16.925
JUSTIN BRAZEAU,,,F,NA,0.45,0.8,5.2,1.0,16.925
FILIP HALLANDER,,,F,NA,0.45,0.8,5.2,1.0,16.925
CONNOR DEWAR,,,F,NA,0.45,0.8,5.2,1.0,16.925
BLAKE LIZOTTE,,,F,NA,0.45,0.8,5.2,1.0,16.925
PHILIP TOMASINO,,,F,NA,0.45,0.8,5.2,1.0,16.925
VILLE KOIVUNEN,,,F,NA,0.45,0.8,5.2,1.0,16.925
OWEN PICKERING,,,F,NA,0.45,0.8,5.2,1.0,16.925
HARRISON BRUNICKE,,,F,NA,0.45,0.8,5.2,1.0,16.925
BEN KINDEL,,,F,NA,0.45,0.8,5.2,1.0,16.925
EVGENI MALKIN,,,F,NA,0.45,0.8,5.2,1.0,16.925
SIDNEY CROSBY,,,F,NA,0.45,0.8,5.2,1.0,16.925
KRIS LETANG,,,F,NA,0.45,0.8,5.2,1.0,16.925
ERIK KARLSSON,,,F,NA,0.45,0.8,5.2,1.0,16.925
KEVIN HAYES,,,F,NA,0.45,0.8,5.2,1.0,16.925
BRYAN RUST,,,F,NA,0.45,0.8,5.2,1.0,16.925
RICKARD RAKELL,,,F,NA,0.45,0.8,5.2,1.0,16.925
MATHEW DUMBA,,,F,NA,0.45,0.8,5.2,1.0,16.925
CONNOR CLIFTON,,,F,NA,0.45,0.8,5.2,1.0,16.925
RYAN GRAVES,,,F,NA,0.45,0.8,5.2,1.0,16.925
ANTHONY MANTHA,,,F,NA,0.45,0.8,5.2,1.0,16.925
DANTON HEINEN,,,F,NA,0.45,0.8,5.2,1.0,16.925
TOMMY NOVAK,,,F,NA,0.45,0.8,5.2,1.0,16.925
PARKER WOTHERSPOON,,,F,NA,0.45,0.8,5.2,1.0,16.925
CALEB JONES,,,F,NA,0.45,0.8,5.2,1.0,16.925
NOEL ACCIARI,,,F,NA,0.45,0.8,5.2,1.0,16.925
RYAN SHEA,,,F,NA,0.45,0.8,5.2,1.0,16.925
JOONA KOPPANEN,,,F,NA,0.45,0.8,5.2,1.0,16.925
JUSTIN BRAZEAU,,,F,NA,0.45,0.8,5.2,1.0,16.925
FILIP HALLANDER,,,F,NA,0.45,0.8,5.2,1.0,16.925
CONNOR DEWAR,,,F,NA,0.45,0.8,5.2,1.0,16.925
BLAKE LIZOTTE,,,F,NA,0.45,0.8,5.2,1.0,16.925
PHILIP TOMASINO,,,F,NA,0.45,0.8,5.2,1.0,16.925
VILLE KOIVUNEN,,,F,NA,0.45,0.8,5.2,1.0,16.925
OWEN PICKERING,,,F,NA,0.45,0.8,5.2,1.0,16.925
HARRISON BRUNICKE,,,F,NA,0.45,0.8,5.2,1.0,16.925
BEN KINDEL,,,F,NA,0.45,0.8,5.2,1.0,16.925
STEVEN STAMKOS,,,F,NA,0.45,0.8,5.2,1.0,16.925
ROMAN JOSI,,,F,NA,0.45,0.8,5.2,1.0,16.925
RYAN O'REILLY,,,F,NA,0.45,0.8,5.2,1.0,16.925
ERIK HAULA,,,F,NA,0.45,0.8,5.2,1.0,16.925
JONATHAN MARCHESSAULT,,,F,NA,0.45,0.8,5.2,1.0,16.925
BRADY SKJEI,,,F,NA,0.45,0.8,5.2,1.0,16.925
FILIP FORSBERG,,,F,NA,0.45,0.8,5.2,1.0,16.925
MICHAEL MCCARRON,,,F,NA,0.45,0.8,5.2,1.0,16.925
MICHAEL BUNTING,,,F,NA,0.45,0.8,5.2,1.0,16.925
TYSON JOST,,,F,NA,0.45,0.8,5.2,1.0,16.925
NICOLAS HAGUE,,,F,NA,0.45,0.8,5.2,1.0,16.925
NICK PERBIX,,,F,NA,0.45,0.8,5.2,1.0,16.925
SPENCER STASTNEY,,,F,NA,0.45,0.8,5.2,1.0,16.925
COLE SMITH,,,F,NA,0.45,0.8,5.2,1.0,16.925
OZZY WIESBLATT,,,F,NA,0.45,0.8,5.2,1.0,16.925
JUSTIN BARRON,,,F,NA,0.45,0.8,5.2,1.0,16.925
LUKE EVANGELISTA,,,F,NA,0.45,0.8,5.2,1.0,16.925
ADAM WILSBY,,,F,NA,0.45,0.8,5.2,1.0,16.925
FEDOR SVECHKOV,,,F,NA,0.45,0.8,5.2,1.0,16.925
JOAKIM KEMELL,,,F,NA,0.45,0.8,5.2,1.0,16.925
NICK BLANKENBURG,,,F,NA,0.45,0.8,5.2,1.0,16.925
MATTHEW WOOD,,,F,NA,0.45,0.8,5.2,1.0,16.925
BRADY MARTIN,,,F,NA,0.45,0.8,5.2,1.0,16.925
STEVEN STAMKOS,,,F,NA,0.45,0.8,5.2,1.0,16.925
ROMAN JOSI,,,F,NA,0.45,0.8,5.2,1.0,16.925
RYAN O'REILLY,,,F,NA,0.45,0.8,5.2,1.0,16.925
ERIK HAULA,,,F,NA,0.45,0.8,5.2,1.0,16.925
JONATHAN MARCHESSAULT,,,F,NA,0.45,0.8,5.2,1.0,16.925
BRADY SKJEI,,,F,NA,0.45,0.8,5.2,1.0,16.925
FILIP FORSBERG,,,F,NA,0.45,0.8,5.2,1.0,16.925
MICHAEL MCCARRON,,,F,NA,0.45,0.8,5.2,1.0,16.925
MICHAEL BUNTING,,,F,NA,0.45,0.8,5.2,1.0,16.925
TYSON JOST,,,F,NA,0.45,0.8,5.2,1.0,16.925
NICOLAS HAGUE,,,F,NA,0.45,0.8,5.2,1.0,16.925
NICK PERBIX,,,F,NA,0.45,0.8,5.2,1.0,16.925
SPENCER STASTNEY,,,F,NA,0.45,0.8,5.2,1.0,16.925
COLE SMITH,,,F,NA,0.45,0.8,5.2,1.0,16.925
OZZY WIESBLATT,,,F,NA,0.45,0.8,5.2,1.0,16.925
JUSTIN BARRON,,,F,NA,0.45,0.8,5.2,1.0,16.925
LUKE EVANGELISTA,,,F,NA,0.45,0.8,5.2,1.0,16.925
ADAM WILSBY,,,F,NA,0.45,0.8,5.2,1.0,16.925
FEDOR SVECHKOV,,,F,NA,0.45,0.8,5.2,1.0,16.925
JOAKIM KEMELL,,,F,NA,0.45,0.8,5.2,1.0,16.925
NICK BLANKENBURG,,,F,NA,0.45,0.8,5.2,1.0,16.925
MATTHEW WOOD,,,F,NA,0.45,0.8,5.2,1.0,16.925
BRADY MARTIN,,,F,NA,0.45,0.8,5.2,1.0,16.925
